date,ticker,close,ret_1,dv21,q_rsi2,o1,c2,r_open
2010-01-22,AAPL,5.9146285,-0.049598813,3.3196954e+09,5.579731887900735,0.024071107,0.041416172,0.015437375068664551
2010-01-22,GOOG,13.570369,-0.05655425,2.227659e+09,5.579731887900735,-0.0062179705,-0.013799721,-0.009129215717315673
2010-01-29,MSFT,20.927168,-0.033607487,1.5152635e+09,7.03131997646517,0.0074521527,0.00993587,0.000965367317199707
2010-01-29,AAPL,5.744443,-0.036278557,4.684318e+09,7.03131997646517,0.0016142648,0.019785639,0.016642104148864745
2010-04-27,AMZN,7.101,-0.034600012,1.1239172e+09,9.249030911390776,0.0040135304,-0.0020419187,-0.007531274795532226
2010-04-27,BIDU,62.011,-0.03236323,7.113471e+08,9.249030911390776,0.009804678,0.14474848,0.13213349437713623
2010-05-06,BIDU,66.802,-0.031195175,8.977503e+08,4.988445186089436,-0.0016915505,0.0400586,0.040320883750915526
2010-05-06,AAPL,7.3652477,-0.03804824,4.857673e+09,4.988445186089436,-0.010314809,0.031431608,0.04068149185180664
2010-05-07,AAPL,7.054485,-0.042193133,5.2248735e+09,2.4808396558595263,0.061011292,0.08759446,0.023554574012756346
2010-05-07,BIDU,63.949,-0.04270831,9.1850195e+08,2.4808396558595263,0.04372236,0.116780534,0.06849766826629639
2010-05-19,ZION,17.74315,-0.063650206,1.4047013e+08,8.853466127776741,-0.05814897,-0.025389139,0.03328240966796875
2010-05-19,BPOP,23.86037,-0.05325437,1.13768744e+08,8.853466127776741,-0.01874984,-0.043750107,-0.026978005409240724
2010-05-20,BIDU,67.58,-0.03636098,1.3278317e+09,1.9277607562530505,-0.02071621,0.05060666,0.07133163070678711
2010-05-20,AAPL,7.111313,-0.042602707,6.290745e+09,1.9277607562530505,-0.020777144,0.037853345,0.05837453460693359
2010-06-09,REGN,24.805912,-0.055094372,2.7460522e+07,7.575990757987569,0.015575095,0.05511193,0.037430535316467284
2010-06-09,BIDU,67.4,-0.043835953,1.2620064e+09,7.575990757987569,0.025815992,0.08086049,0.05215931987762451
2010-06-23,BPOP,21.548893,-0.033445127,3.4149996e+07,8.43234670806801,-0.010380493,0.01384107,0.022975574493408202
2010-06-23,RGLD,40.1525,-0.051676884,3.834285e+07,8.43234670806801,0.0006164889,0.024058742,0.021927844047546385
2010-06-24,BIDU,73.8,-0.031368937,8.5311354e+08,2.265384988414013,0.0062330496,0.008672078,0.0009238824844360351
2010-06-24,AMD,8.13,-0.050233677,2.292518e+08,2.265384988414013,0.011070129,-0.009840089,-0.022181262016296388
2010-06-25,AAL,8.635511,-0.04284254,1.0271683e+08,4.074184336411207,0.003275321,-0.06768555,-0.07222913646697998
2010-06-28,LULU,19.835,-0.033852976,8.613349e+07,2.4577661060128264,-0.023695454,-0.061759442,-0.04048781538009644
2010-06-28,WYNN,54.053223,-0.044249535,1.4913867e+08,2.4577661060128264,-0.027732149,-0.10376029,-0.0796967043876648
2010-06-29,BIDU,67.57,-0.09228913,8.642367e+08,0.25527072076249624,0.0060678357,0.014503527,0.00688470458984375
2010-06-29,AAPL,7.661951,-0.045210652,5.91903e+09,0.25527072076249624,0.0021080046,-0.030019026,-0.033559431076049806
2010-06-30,VIAV,5.59727,-0.0418695,6.6221216e+07,0.1519601096608909,-0.0040652305,-0.015244082,-0.01272450828552246
2010-07-01,INCY,10.56,-0.046070397,2.219716e+07,0.13246681706429797,0.0066287587,0.018939376,0.010729561805725098
2010-07-01,CRUS,15.0,-0.051233422,1.0733666e+08,0.13246681706429797,0.01933333,0.041333325,0.020082722663879393
2010-07-02,UAL,18.59,-0.10279919,1.7741962e+08,0.10541958897506731,0.03550295,0.0785368,0.040058384895324706
2010-07-02,ZION,15.076595,-0.045098778,9.346082e+07,0.10541958897506731,0.017830843,0.07518055,0.05484498596191406
2010-08-11,BIDU,84.23,-0.041424822,9.16344e+08,6.388143504279839,-0.028256023,-0.016621174,0.010473142623901368
2010-08-11,AAPL,7.483087,-0.03554269,4.7824865e+09,6.388143504279839,-0.013988696,-0.0043559074,0.008269439697265625
2010-08-12,NTAP,27.503843,-0.087199144,2.0314832e+08,4.402874809800551,0.0066525266,0.028206507,0.01991153812408447
2010-08-12,FFIV,82.77,-0.04664827,1.6367509e+08,4.402874809800551,0.000724963,0.013531506,0.011297236442565918
2010-08-13,CROX,12.8,-0.031037081,4.9027956e+07,2.836079844936492,-0.0054688007,0.05078122,0.055059324264526366
2010-08-24,FFIV,86.27,-0.033605915,1.3882909e+08,3.829067972827758,-0.0074185627,0.016112288,0.022206793785095214
2010-08-24,WYNN,52.47819,-0.04275111,1.4126717e+08,3.829067972827758,-0.008980258,-0.0065531023,0.0009491548538208008
2010-10-04,AKAM,47.39,-0.03932703,1.8838552e+08,2.529752412363379,0.008229571,-0.06625869,-0.07538025522232056
2010-10-04,FSLR,142.27,-0.033688728,1.9360318e+08,2.529752412363379,0.0127222715,-0.025514899,-0.039256800651550294
2010-11-12,WYNN,70.6927,-0.03107537,2.1416139e+08,7.42354066096253,0.009008579,-0.026486553,-0.036678184509277345
2010-11-12,BIDU,110.64,-0.03032427,1.4410486e+09,7.42354066096253,-0.0044287588,-0.0636298,-0.06096439504623413
2010-11-15,AMZN,7.945,-0.040922284,1.1243997e+09,5.523322584291435,-0.0010069696,-0.0034613155,-0.003956843852996826
2010-11-15,FFIV,119.55,-0.034797333,3.275763e+08,5.523322584291435,-0.009368488,-0.03797575,-0.03037779474258423
2010-11-16,BIDU,103.6,-0.04779416,1.3645912e+09,1.7253021642757318,0.0073359283,0.043822404,0.034720788955688475
2010-11-16,FFIV,115.95,-0.030112974,3.2725738e+08,1.7253021642757318,0.0049159094,0.039327342,0.032743106842041014
2011-01-21,VECO,44.51,-0.031759907,8.3746456e+07,6.497823559255636,-0.0381936,0.0044933897,0.04288209533691406
2011-01-21,AAL,9.267149,-0.040975783,4.668258e+07,6.497823559255636,0.0040690275,0.030518735,0.024842630386352538
2011-02-22,GOOG,15.05568,-0.03153568,1.4919365e+09,3.290214202239028,0.0001966805,-0.0022778832,-0.003974129199981689
2011-02-22,AAPL,10.127695,-0.034088846,5.0736584e+09,3.290214202239028,0.00047317907,0.012610764,0.010631929397583008
2011-02-23,INTC,14.236368,-0.030261373,8.0280045e+08,2.176011691364806,-0.0023640275,0.03356986,0.034518967628479
2011-02-23,BIDU,115.9,-0.03641501,9.1048486e+08,2.176011691364806,0.0069887624,0.040465873,0.03174472904205322
2011-03-10,MU,9.683111,-0.0377906,4.7742234e+08,7.625678782469379,-0.0020140882,0.04330319,0.04390884494781494
2011-03-10,APA,84.09731,-0.039197568,3.2005488e+08,7.625678782469379,-0.0020699818,0.027428232,0.02805949306488037
2011-03-15,ADBE,33.04,-0.030516457,1.6882114e+08,8.685227676187495,-0.010895902,-0.036319636,-0.027203787803649904
2011-03-15,EXC,16.22575,-0.036139313,1.342002e+08,8.685227676187495,-0.0045961156,-0.028059592,-0.025071848869323732
2011-03-16,AAPL,9.870477,-0.044640187,5.76649e+09,2.609604441759629,0.0206661,0.0020000106,-0.01978819513320923
2011-03-16,QCOM,33.965218,-0.0471697,6.781783e+08,2.609604441759629,0.04198027,0.023960166,-0.01879416847229004
2011-04-11,APA,91.575676,-0.030040288,2.9093194e+08,5.6780274609969155,-0.010692654,-0.031603914,-0.0226372971534729
2011-04-11,BKR,35.026684,-0.031578008,1.8102291e+08,5.6780274609969155,-0.0034624133,-0.014427411,-0.012503077030181884
2011-04-12,BIDU,140.71,-0.034115776,1.06554496e+09,1.8327871576378953,0.01869085,0.04477285,0.024103532791137694
2011-04-12,APA,88.78311,-0.030494608,2.976542e+08,1.8327871576378953,0.010457095,8.146444e-05,-0.011768270969390869
2011-05-04,REGN,47.55127,-0.0608492,1.3111716e+08,8.016052649140832,-0.008125048,0.046875082,0.0539506778717041
2011-05-04,MLCO,7.947615,-0.053181197,5.4966732e+07,8.016052649140832,-0.002006077,0.06619856,0.06684173202514648
2011-05-05,BKR,35.317356,-0.0323296,2.0906482e+08,2.5181094117610314,0.020934664,0.027387515,0.004820476531982422
2011-05-05,VRTX,53.19,-0.038329463,1.4221842e+08,2.5181094117610314,0.011844352,0.083850406,0.06966305828094482
2011-05-16,AMZN,9.6255,-0.04961498,1.265705e+09,8.323767131063548,-0.0035842422,0.023790982,0.02597368812561035
2011-05-16,BKNG,19.716383,-0.03309576,6.0746554e+08,8.323767131063548,-0.0069927988,0.029798599,0.03555048561096191
2011-05-23,BKNG,19.649015,-0.035417594,6.25022e+08,9.467067044334755,0.004664453,-0.0056812717,-0.011797656059265136
2011-05-23,BIDU,129.47,-0.03875567,1.2983876e+09,9.467067044334755,0.015756493,0.0005406045,-0.016479839324951173
2011-05-24,GT,14.909935,-0.03125018,1.30342424e+08,6.034915062250505,-0.0023893132,0.04480325,0.04580558395385742
2011-06-06,BKR,36.578346,-0.031509493,1.9669339e+08,9.04180753688371,0.016197866,0.006367641,-0.011173535823822021
2011-06-06,BIDU,126.97,-0.04684337,1.0289161e+09,9.04180753688371,0.007167016,-0.049618043,-0.0578809871673584
2011-06-07,WYNN,93.86238,-0.036871493,1.786027e+08,7.709073748959625,0.0007345524,-0.0065396866,-0.008768905639648437
2011-06-08,BIDU,120.67,-0.033247888,1.1284073e+09,3.5376116931455925,0.00679539,0.008452841,0.00014628028869628903
2011-06-08,SIRI,15.82283,-0.05581402,1.8934808e+08,3.5376116931455925,4.8217635e-07,-0.014778223,-0.01627867364883423
2011-06-10,SIRI,15.588997,-0.038461883,1.7550571e+08,5.212564590632198,-0.004999924,-0.020000247,-0.01657568359375
2011-06-10,BKR,36.50744,-0.034939382,1.8147947e+08,5.212564590632198,0.0016644365,0.0034677414,0.0003004179000854492
2011-06-13,SIRI,14.887494,-0.044999868,1.7972216e+08,5.212564590632198,0.02094196,0.020942217,-0.0014997615814208985
2011-06-13,BIDU,118.03,-0.030076453,1.1968111e+09,5.212564590632198,0.023553323,0.0068626413,-0.01780663871765137
2011-08-01,INCY,16.6,-0.048165146,2.3677668e+07,8.14838409838191,-0.0054216958,-0.037951812,-0.03420745277404785
2011-08-02,AMZN,10.585,-0.043466467,1.04248736e+09,1.4131642263947555,0.0059990934,-0.048275832,-0.055451263427734376
2011-08-02,BIDU,152.92,-0.03781536,1.3150266e+09,1.4131642263947555,0.0032043257,-0.058854304,-0.06336038255691528
2011-08-04,GOOG,14.249124,-0.039339945,2.3874895e+09,8.242054717193426,0.008692289,-0.05454369,-0.06419103288650513
2011-08-04,AAPL,11.286998,-0.038719416,6.657986e+09,8.242054717193426,0.008135173,-0.06402234,-0.07307528400421143
2011-08-05,LULU,53.57,-0.043222036,1.9920949e+08,6.851902169108811,-0.06664177,-0.058428247,0.0072999105453491215
2011-08-05,MLCO,9.996298,-0.030911706,1.1470979e+08,6.851902169108811,-0.08373204,-0.026315609,0.06116331672668457
2011-08-08,AAPL,10.564378,-0.05462787,7.420236e+09,1.6257412765215236,0.022904336,0.029670993,0.005115042686462403
2011-08-08,BIDU,130.45,-0.07475713,1.4327571e+09,1.6257412765215236,0.026370276,0.07926406,0.05003477191925049
2011-08-18,AAPL,10.9484215,-0.037824485,7.9513114e+09,6.8540161122427605,-0.01059968,-0.026253344,-0.017321397304534913
2011-08-18,BIDU,128.77,-0.066613525,1.7154012e+09,6.8540161122427605,-0.01910388,-0.016463483,0.0011918649673461914
2011-08-19,LULU,46.0,-0.041666668,2.0288605e+08,4.3381394952619985,0.023043508,0.10043476,0.07414806938171387
2011-08-19,WYNN,90.862236,-0.03426486,2.905156e+08,4.3381394952619985,0.02923684,0.0517739,0.020396958351135253
2011-09-22,BKNG,19.802156,-0.048374712,6.535154e+08,3.337443673739557,-0.0050831083,0.015863463,0.019553552627563475
2011-09-22,AMZN,11.1615,-0.037262272,1.3206459e+09,3.337443673739557,-0.012184714,0.029655542,0.040856371879577635
2011-09-30,INTC,14.618397,-0.03917166,9.3257094e+08,6.216636166033894,-0.007497798,-0.005623381,0.00038851356506347653
2011-09-30,LULU,48.69,-0.06203046,2.3473534e+08,6.216636166033894,-0.0141712595,-0.023002649,-0.010458339691162109
2011-10-03,BIIB,88.96,-0.044981238,1.8074333e+08,2.7099203880670046,-0.0040467693,0.10959982,0.11260844326019287
2011-10-03,ISRG,38.75111,-0.042604614,1.5238531e+08,2.7099203880670046,-0.018809512,0.052299626,0.07097233390808105
2011-11-18,OLED,45.16022,-0.054727595,8.706349e+07,7.852962966905778,-0.014318137,-0.11433891,-0.10297374868392944
2011-11-18,STX,8.566633,-0.04474908,1.360118e+08,7.852962966905778,-0.00062464055,-0.0012492811,-0.002125014305114746
2011-11-21,FFIV,102.73,-0.032583095,2.4215819e+08,3.250529448227354,-0.0019468955,-0.03114966,-0.03075980091094971
2011-11-21,OLED,41.383602,-0.08362711,9.063515e+07,3.250529448227354,-0.0015852015,-0.07721942,-0.07725434446334839
2011-11-23,BIIB,109.93,-0.031453744,2.404019e+08,5.907721158776923,-0.0093695875,0.010188326,0.018242965698242186
2011-11-23,FFIV,99.53,-0.035000976,2.3604322e+08,5.907721158776923,-0.008339212,0.051542297,0.05888510799407959
2011-11-25,TSCO,5.5124583,-0.036583204,4.1777052e+07,4.03888112044703,0.032800935,0.034278817,-6.90116882324219e-05
2011-11-25,JAZZ,35.77,-0.031410772,2.780214e+07,4.03888112044703,0.015096475,0.03214978,0.01529980754852295
2011-12-14,ULTA,66.46628,-0.04828664,7.440238e+07,7.908509480243211,0.0089272475,-0.002975711,-0.013297606945037841
2011-12-14,FFIV,104.65,-0.04811716,1.848688e+08,7.908509480243211,0.015289044,0.001720022,-0.014864672660827636
2011-12-15,MELI,81.918976,-0.032610096,6.1943124e+07,6.607834050866941,0.003323466,-0.012225531,-0.016997446060180665
2012-03-06,APA,75.36209,-0.03385384,2.366956e+08,8.221027391071246,0.0067759617,0.040557772,0.03205443477630615
2012-03-06,REGN,103.23579,-0.041394603,1.5518614e+08,8.221027391071246,0.0033586521,0.019096065,0.014184723854064942
2012-04-10,BKNG,29.033663,-0.0307159,7.75456e+08,8.086344366710165,0.012977926,0.001200762,-0.013126303195953369
2012-04-10,PSKY,24.0756,-0.03810734,1.8700605e+08,8.086344366710165,0.016294174,0.028115163,0.010131488800048829
2012-04-23,WMT,14.960263,-0.04659715,4.207687e+08,8.782062298188123,-0.0047027557,-0.036613565,-0.033561636447906495
2012-04-23,BIDU,139.66,-0.036229383,7.695866e+08,8.782062298188123,-0.002577693,-0.034655564,-0.03366075897216797
2012-04-24,ULTA,87.15,-0.06821338,5.617448e+07,5.231086076920434,0.0059666852,0.027309205,0.01971591567993164
2012-04-24,LULU,70.18,-0.049309123,1.361419e+08,5.231086076920434,0.0149615705,0.046166968,0.02924538707733154
2012-05-04,CSCO,12.486134,-0.030425422,4.7290064e+08,4.384420642017716,-0.005229953,-0.021443695,-0.01779900932312012
2012-05-04,FFIV,131.9,-0.031784497,2.430209e+08,4.384420642017716,-0.006823305,-0.022971941,-0.01775955104827881
2012-05-07,PSMT,65.44762,-0.060766004,2.263584e+07,9.479805915535096,-0.013593174,0.0075804787,0.019965539932250975
2012-05-07,MELI,87.32907,-0.034783363,4.5434696e+07,9.479805915535096,-0.013723009,-0.14001997,-0.1295542016029358
2012-05-08,LULU,74.93,-0.030408883,1.5629552e+08,6.6460768375101935,-0.023355132,-0.019084483,0.0028728351593017578
2012-05-08,MNST,5.4575,-0.030639455,1.6400208e+08,6.6460768375101935,-0.0074819964,0.08673072,0.09342290019989014
2012-05-09,CAR,15.1637125,-0.03389828,3.2123864e+07,4.436192171133456,0.012531332,0.008145378,-0.0058316483497619625
2012-05-09,VRTX,60.35,-0.05938287,2.576149e+08,4.436192171133456,-0.020215368,0.027671948,0.04737533187866211
2012-05-10,BKNG,26.67771,-0.052632183,1.01397696e+09,3.0972882922180673,-0.014124028,-0.026324673,-0.013875473976135254
2012-05-10,FFIV,124.08,-0.041038703,2.3778925e+08,3.0972882922180673,-0.0087040765,0.011685984,0.0190690860748291
2012-05-14,PSKY,24.437115,-0.03140262,2.0481232e+08,0.4679874602023233,-0.0018882952,0.000314937,0.0007073984146118164
2012-05-14,AKAM,29.66,-0.048444025,1.5961082e+08,0.4679874602023233,0.016183397,-0.016520558,-0.03368311071395874
2012-05-15,JAZZ,45.22,-0.055358216,4.3785932e+07,0.294450372271001,0.0046439427,-0.045997385,-0.051907230854034425
2012-05-16,QCOM,40.38176,-0.037922665,6.03342e+08,0.11691305071852298,0.0025375418,-0.052952267,-0.05684934997558594
2012-05-16,FFIV,118.26,-0.045366444,2.3453096e+08,0.11691305071852298,0.00076100405,-0.046930518,-0.04915528440475464
2012-05-17,QCOM,39.049587,-0.032989457,6.0026605e+08,0.024718379436279747,0.005248415,0.0010496634,-0.005676855087280273
2012-05-17,PSKY,23.091043,-0.055380564,2.157424e+08,0.024718379436279747,0.0063289064,0.04930013,0.04120088672637939
2012-05-18,GOOGL,14.883399,-0.036353413,1.4807953e+09,0.012684756224018656,0.00018319437,0.0006662662,-0.0010170831680297852
2012-05-18,GOOG,14.813638,-0.036353447,1.4808599e+09,0.012684756224018656,0.0001834133,0.0006663137,-0.0010173215866088867
2012-06-01,SBUX,19.811247,-0.049918003,3.367114e+08,5.241926152440342,-0.0028763434,0.0049857516,0.006384860038757325
2012-06-01,STX,11.844816,-0.07212968,2.0344843e+08,5.241926152440342,0.005979699,0.039558575,0.03187931632995605
2012-07-10,EXPE,41.53158,-0.036865335,1.598968e+08,7.975431465900456,0.0028431409,-0.036308143,-0.040540327072143556
2012-07-10,ISRG,59.085556,-0.035582803,1.5233579e+08,7.975431465900456,0.0015796449,0.0053030155,0.0022175416946411133
2012-07-11,INCY,24.39,-0.050972816,4.463976e+07,4.647412148722282,-0.0036900432,0.04428044,0.04664815521240234
2012-07-12,UAL,23.78,-0.04074224,1.0681155e+08,1.9309200176908803,0.0,0.018923417,0.017423401832580565
2012-07-12,EXPE,40.023647,-0.033983793,1.5714802e+08,1.9309200176908803,0.00567425,0.026327591,0.01903678035736084
2012-07-25,AAPL,17.197142,-0.043184016,7.188778e+09,7.590382061789867,0.008330732,0.017722435,0.007814179420471192
2012-07-25,BKNG,24.716566,-0.051894628,5.469692e+08,7.590382061789867,0.012471487,0.08390915,0.06905771350860596
2012-08-30,WDC,25.421741,-0.032183707,1.2330975e+08,6.120029300222228,0.0054629566,0.005225717,-0.001736034393310547
2012-08-30,STX,17.720657,-0.04108381,1.8864258e+08,6.120029300222228,0.010245483,0.0058987844,-0.0058025016784667965
2012-09-25,VRTX,56.26,-0.04189378,8.464343e+07,2.008070238167832,-0.0023106516,-0.010664744,-0.009873498916625976
2012-09-25,CRUS,38.66,-0.037829775,1.12738376e+08,2.008070238167832,-0.0051733255,0.026642494,0.03048122978210449
2012-09-26,FTNT,5.004,-0.032108296,5.2689336e+07,1.0464257817847908,0.0031974008,-0.035971284,-0.04054390335083008
2012-09-26,JAZZ,54.79,-0.032662403,5.8593704e+07,1.0464257817847908,0.03814565,0.04033581,0.0006096467971801758
2012-10-09,AMZN,12.548,-0.031266868,7.606635e+08,4.287241895528524,0.00414409,-0.02685686,-0.032373000621795656
2012-10-09,EBAY,17.154783,-0.035475735,4.173189e+08,4.287241895528524,0.0038942425,0.027477285,0.021991621017456053
2012-10-10,EQIX,140.14366,-0.033372466,1.5935552e+08,2.9934250110804186,0.01060248,-0.0066333823,-0.018555034637451173
2012-10-10,TMUS,18.96994,-0.03756992,1.8827013e+08,2.9934250110804186,-0.08637893,-0.013289245,0.07849992370605469
2012-10-11,COST,71.876175,-0.03190227,1.5946714e+08,2.180490714545556,-0.0026443182,-0.018409176,-0.017306674957275392
2012-10-11,TMUS,18.339706,-0.03322276,2.1408e+08,2.180490714545556,0.010309207,-0.02663238,-0.038064648151397706
2012-10-12,VRTX,53.53,-0.05889596,1.3237595e+08,2.023593924972431,0.0014945233,-0.0044834274,-0.007468987941741943
2012-10-12,SRPT,27.11,-0.11780016,1.24138696e+08,2.023593924972431,0.06233857,0.03836219,-0.024069477558135988
2012-10-19,AAPL,18.318396,-0.036039777,1.0825426e+10,6.872432547181106,0.004231207,0.0057723173,3.470039367675778e-05
2012-10-19,VRTX,50.24,-0.04541135,1.546271e+08,6.872432547181106,-0.0007961965,-0.012141732,-0.012854565620422363
2012-11-08,CRUS,30.82,-0.039875355,1.25799976e+08,5.853408062411276,-0.008111616,0.0009734162,0.007659326553344727
2012-11-08,LULU,68.41,-0.033210833,1.0547424e+08,5.853408062411276,-0.002923616,0.011986546,0.013453851699829102
2012-11-14,FSLR,23.45,-0.03893438,1.15045496e+08,3.656499383189754,0.004264327,0.0038379594,-0.0019246234893798828
2012-11-14,SIRI,21.045147,-0.032257672,1.7915714e+08,3.656499383189754,0.0037035567,-0.0037037379,-0.00887994909286499
2012-11-15,REGN,141.1381,-0.034429155,1.2071033e+08,2.658047405124023,0.003790315,0.12613201,0.12037981605529785
2012-11-15,WMT,17.47805,-0.0363205,4.1866906e+08,2.658047405124023,-0.0018911922,0.004366002,0.0047690973281860356
2012-12-05,PENN,11.123672,-0.032258105,7.98115e+07,5.763692703678203,0.0010162882,0.0054878187,0.002967010498046875
2012-12-05,SRPT,27.58,-0.05450806,4.6216732e+07,5.763692703678203,-0.01957937,-0.081943445,-0.0651095404624939
2012-12-26,AMZN,12.4315,-0.038628053,8.0398426e+08,5.166690987139702,-0.0014077848,-0.013876089,-0.013985861778259277
2012-12-26,LULU,73.38,-0.031415056,1.7978906e+08,5.166690987139702,0.009266835,0.012673758,0.0018756494522094726
2012-12-28,SRPT,23.79,-0.030562347,3.4192576e+07,1.2759722179248456,0.0,0.1029844,0.10148442840576172
2013-02-21,META,27.042526,-0.041461613,1.7970688e+09,9.473761960347261,0.012463401,-0.0003666225,-0.014172126293182373
2013-02-21,HST,9.470468,-0.03523206,8.419114e+07,9.473761960347261,0.007912085,0.004260307,-0.005123068332672119
2013-06-05,GILD,34.39823,-0.04204915,4.693769e+08,4.9628061358299504,0.005187922,0.05526749,0.048321138381958006
2013-06-05,FSLR,51.03,-0.030216651,3.8268896e+08,4.9628061358299504,0.0021556069,0.040368438,0.03663052177429199
2013-06-21,UAL,30.06,-0.03530168,1.1931e+08,8.354497432017453,-0.011310717,0.02295411,0.033156763076782225
2013-06-21,SIRI,25.004004,-0.03669754,1.8850021e+08,8.354497432017453,-0.015873084,0.015873007,0.030758033752441405
2013-06-24,MU,13.125345,-0.031654924,5.375756e+08,4.457051381351164,0.020802341,0.053491767,0.030523191452026366
2013-06-24,APA,60.590504,-0.033631593,2.3380525e+08,4.457051381351164,0.008395979,0.012046574,0.002120147705078125
2013-07-19,MSFT,25.513262,-0.1139955,1.4081969e+09,9.866627047252578,0.009554513,0.013376123,0.0022854909896850586
2013-08-15,CSCO,16.547298,-0.07202442,6.3283584e+08,8.913974903487315,0.0020420607,-0.008578822,-0.012099255561828613
2013-08-15,MU,13.778688,-0.04655872,5.818115e+08,8.913974903487315,0.002830772,-0.02335444,-0.027611245155334474
2013-08-16,MNKD,28.85,-0.1310241,7.4522904e+07,8.594458758155326,0.060658578,0.050259925,-0.011303950786590576
2013-08-16,IONS,25.17,-0.030804746,3.687076e+07,8.594458758155326,0.0027810764,0.027413609,0.023064266204833983
2013-08-19,CSIQ,10.95,-0.0453357,4.2081664e+07,6.557258979569468,0.0054794904,0.1424658,0.1347398862838745
2013-08-19,ZG,26.423449,-0.07103706,8.685447e+07,6.557258979569468,-0.055227716,-0.031390123,0.023731003761291503
2013-10-08,TSLA,11.648667,-0.04555632,1.7820294e+09,9.10010216073539,0.0,-0.010301597,-0.011801589965820312
2013-10-08,META,46.72964,-0.066904224,3.9691402e+09,9.10010216073539,0.005091227,0.040517654,0.033747087478637694
2013-10-09,BMRN,65.0,-0.03345725,1.596869e+08,7.451811930850553,0.016307654,0.04200005,0.023780117988586424
2013-10-09,TSLA,11.252,-0.034052607,1.834084e+09,7.451811930850553,0.025536215,0.058774713,0.030910860061645506
2013-11-07,TSLA,9.318,-0.07535065,1.9633608e+09,2.5690505117927387,-0.023538603,0.035272237,0.05872846698760986
2013-11-07,META,47.145985,-0.03175898,4.2560532e+09,2.5690505117927387,0.0052566393,-0.028595433,-0.035175074577331544
2013-12-13,AXON,15.52,-0.055961072,2.0188658e+07,7.785749242558552,0.034149405,0.048969086,0.012830267906188965
2014-01-06,FSLR,51.26,-0.09658095,2.1050574e+08,9.05157935487388,0.01736253,0.008193562,-0.010512401103973388
2014-01-06,SSYS,127.98,-0.062142774,1.1691028e+08,9.05157935487388,0.023519317,0.040865786,0.01544786548614502
2014-01-24,GOOG,27.728203,-0.03126448,2.2022838e+09,7.95304861670698,0.0020199395,-0.00072969584,-0.004244019031524658
2014-01-24,META,53.97601,-0.038495418,2.9812954e+09,7.95304861670698,0.005142377,0.01267212,0.005991230964660645
2014-01-27,BKNG,44.778408,-0.03109529,7.170272e+08,4.411937125492358,0.009761729,-0.008265698,-0.01935308122634888
2014-01-27,REGN,268.20895,-0.03172276,2.3418622e+08,4.411937125492358,0.008458389,0.03989079,0.029668699264526366
2014-01-28,STX,29.847271,-0.11248918,1.2852585e+08,4.189896991746522,-0.00038821448,0.030667795,0.029568086624145506
2014-01-28,AAPL,15.66771,-0.07992741,6.2417126e+09,4.189896991746522,-0.0050340304,-0.013267688,-0.009775330066680908
2014-01-29,TMUS,29.52254,-0.038997307,1.7646032e+08,1.4688542089121341,0.036070727,-0.015458984,-0.051235724925994874
2014-01-29,BIDU,158.1,-0.03738431,6.7926694e+08,1.4688542089121341,0.021378808,-0.010120215,-0.03233968162536621
2014-03-14,GILD,51.508133,-0.037943747,6.4888877e+08,6.8493090800545815,0.012125489,0.036242418,0.022327910423278807
2014-03-14,BIDU,160.59,-0.03311458,8.6997766e+08,6.8493090800545815,0.01506942,0.021794632,0.005125413894653321
2014-03-24,TSLA,14.678,-0.03809683,2.5734735e+09,9.975519627029527,0.018031513,-0.03274745,-0.05137955093383789
2014-03-24,META,63.542,-0.046698466,3.7407877e+09,9.975519627029527,0.012324674,-0.057878435,-0.07084845447540283
2014-03-27,JOYY,54.694294,-0.03793511,1.6204864e+08,6.926985567390332,0.018166339,0.075341575,0.05465520477294922
2014-03-27,CTSH,41.431946,-0.030957578,1.6366923e+08,6.926985567390332,0.030895479,0.06347209,0.030100236892700194
2014-04-04,GOOGL,27.005527,-0.04593164,2.5466929e+09,9.753005473997064,-0.0008437937,0.022484804,0.021848331451416014
2014-04-04,META,56.25598,-0.04605823,4.1536955e+09,9.753005473997064,-0.014977858,0.025374431,0.03946591472625732
2014-04-07,VTRS,38.65168,-0.044045057,2.5592906e+08,6.327830220542694,-0.0047521265,0.0035121324,0.00680376148223877
2014-04-07,MU,21.170227,-0.038529687,7.2103136e+08,6.327830220542694,0.016121654,0.040994942,0.022978673934936522
2014-07-31,CMCSA,18.758732,-0.030319277,5.227137e+08,9.42713780433634,-0.003536561,0.0022331518,0.004290233612060547
2014-07-31,MU,29.790438,-0.06086699,8.5457325e+08,9.42713780433634,0.010801939,0.03731587,0.024730573654174803
2014-08-01,MNKD,40.35,-0.034689013,6.6508096e+07,7.18499028649812,0.0024783716,0.009913297,0.005916605949401856
2014-08-01,AKAM,57.09,-0.032700785,1.2783469e+08,7.18499028649812,0.00017513262,-0.0040287185,-0.00570314073562622
2014-09-15,META,73.93078,-0.037428923,2.1466948e+09,8.330635133524325,-0.014213145,0.024805436,0.03808117961883545
2014-09-15,TSLA,16.924,-0.09075929,1.513769e+09,8.330635133524325,0.0050815674,0.029622622,0.022917042732238768
2014-10-13,REGN,328.9954,-0.033215687,2.75968e+08,7.296866276749853,0.005992011,0.007979392,0.00047553634643554684
2014-10-13,TSLA,14.972667,-0.052002847,1.7252749e+09,7.296866276749853,0.01629639,0.022752514,0.004852663040161133
2014-10-14,ALNY,82.95,-0.04303188,7.291406e+07,7.832226684633781,-0.011452646,0.023990422,0.03435374355316162
2014-10-14,GILD,66.69636,-0.04199485,1.03406714e+09,7.832226684633781,-0.02243279,-0.0030871567,0.01828957653045654
2014-10-15,MNST,7.618333,-0.032387823,1.3290796e+08,4.623845922820593,-0.014985665,0.0075476305,0.02137614345550537
2014-10-15,VRTX,101.1,-0.030308878,2.4643053e+08,4.623845922820593,-0.018298699,0.012363996,0.029734264373779296
2014-10-16,PPC,16.590952,-0.18084095,3.0641688e+07,2.5802845412443816,0.05673479,0.13006555,0.06789375400543213
2014-10-16,ABUS,22.81,-0.045606703,1.8040128e+08,2.5802845412443816,0.01490575,-0.18412971,-0.19761221551895142
2014-12-08,AMAT,21.061693,-0.03194868,2.4117448e+08,8.121026734864941,-0.0045378753,-0.018976774,-0.01600467109680176
2014-12-08,AVGO,7.5519958,-0.03154151,1.4032056e+08,8.121026734864941,-0.008142037,-0.01449707,-0.00790714168548584
2014-12-10,CSX,9.7362,-0.033424992,1.894695e+08,8.987513589840432,0.005429935,-0.004287528,-0.011165071964263916
2014-12-10,AVGO,7.442514,-0.03302816,1.4617632e+08,8.987513589840432,0.008363103,-0.0005033289,-0.010292877197265625
2014-12-15,ADBE,73.04,-0.039200157,2.3894496e+08,7.261604098700872,-0.0023274666,0.0131434705,0.014006982803344727
2014-12-15,REGN,397.26114,-0.03705219,2.757172e+08,7.261604098700872,-0.015635546,0.024887204,0.03966642475128174
2014-12-16,AAL,45.442265,-0.0566483,6.4598995e+08,2.7624234180009637,0.006255238,0.045454502,0.03745556926727295
2014-12-16,MSFT,38.251923,-0.032354962,1.187033e+09,2.7624234180009637,-0.0024358984,0.052258827,0.05332828617095947
2014-12-31,AMBA,50.72,-0.032061074,1.2100987e+08,7.632410900624734,0.025236567,-0.0009858645,-0.027077008724212648
2015-01-02,PPC,20.27285,-0.03446167,3.9905636e+07,5.4597616539079326,-0.0050538103,-0.012634244,-0.00911890411376953
2015-01-02,BLMN,18.408176,-0.03392576,3.5685724e+07,5.4597616539079326,-0.0062706284,-0.008779128,-0.004024316310882568
2015-01-05,AMAT,20.992172,-0.032051433,2.610184e+08,1.4469807846779617,-0.001241511,-0.028559295,-0.028851737022399904
2015-01-05,LBTYK,19.5388,-0.045717884,1.8218083e+08,1.4469807846779617,0.0,-0.0041187205,-0.005618740558624267
2015-01-06,REGN,393.17972,-0.037772313,3.3816653e+08,0.6226419167073516,0.014865357,0.016024418,-0.0003578557968139649
2015-01-06,AMGN,109.11351,-0.03221758,4.2820656e+08,0.6226419167073516,0.0077832565,0.031197283,0.02173317527770996
2015-01-15,NXPI,67.49919,-0.043212008,1.8650982e+08,4.318657086048049,-0.0022191065,0.0283254,0.02911246871948242
2015-01-15,IONS,68.84,-0.047724508,2.7718294e+08,4.318657086048049,0.00058107084,0.050697353,0.04858721351623535
2015-01-28,AAL,47.96263,-0.03946852,6.3709146e+08,8.846915088568892,0.008494394,-0.03042261,-0.0400892391204834
2015-01-28,BIDU,220.31,-0.031732086,6.1747616e+08,8.846915088568892,-0.009395815,-0.010848347,-0.0029662742614746094
2015-03-10,CMCSA,20.660318,-0.03087358,5.735907e+08,7.7086394968977885,-0.0015328716,0.0107328715,0.010784517288208008
2015-03-10,WDC,62.793316,-0.031097667,1.5947883e+08,7.7086394968977885,-0.005433242,-0.008351128,-0.0044338002204895016
2015-03-11,PENN,15.76,-0.030750306,2.2453568e+07,5.214352137952773,0.0038070728,0.034898426,0.029473434448242186
2015-03-25,BIIB,431.63,-0.046563998,9.836497e+08,5.047882952872513,-0.00887338,-0.004077589,0.003338705062866211
2015-03-25,AAL,49.37949,-0.035601832,9.1789235e+08,5.047882952872513,-0.022495821,0.0124977045,0.03429878807067871
2015-03-26,NVAX,151.6,-0.050125312,4.801378e+07,4.034278294963457,0.013192612,0.13984166,0.1235
2015-04-17,CHKP,81.75,-0.03551206,8.6514056e+07,9.949714466789985,0.01529052,0.060428165,0.04295791244506836
2015-04-17,VRTX,125.07,-0.03001398,2.2977149e+08,9.949714466789985,0.0085552065,0.057008054,0.046541820526123046
2015-04-30,MAR,71.61381,-0.04554663,1.5252354e+08,5.4626139716715585,0.0074949674,0.005746298,-0.003235687255859375
2015-04-30,VTRS,57.70599,-0.030066922,9.082544e+08,5.4626139716715585,0.006365983,0.010932898,0.0030380592346191406
2015-06-08,AVGO,10.463843,-0.036019415,4.9179213e+08,3.8815594369238653,0.0023078462,0.030512748,0.026639829635620116
2015-06-08,EBAY,22.584774,-0.037640434,3.7609683e+08,3.8815594369238653,-0.0019717207,-0.006244951,-0.005781699657440185
2015-06-09,CSIQ,31.23,-0.03012426,1.1240587e+08,3.1487118517530206,0.006083911,0.06980468,0.061835418701171874
2015-06-09,MNKD,33.5,-0.07330571,6.1653508e+07,3.1487118517530206,0.0074626864,-0.14776121,-0.15557413244247437
2015-06-26,IONS,58.89,-0.0500081,1.7579704e+08,8.390941547694524,-0.023603318,-0.022754291,-0.0006304874420166016
2015-06-26,AMBA,101.57,-0.03017286,6.7178854e+08,8.390941547694524,-0.03810183,0.011026905,0.04957474327087402
2015-06-29,BIIB,396.21,-0.030631514,5.1153222e+08,1.4670569798098114,0.01852552,0.023220042,0.003109227180480957
2015-06-29,GILD,79.52928,-0.033807542,8.586012e+08,1.4670569798098114,0.015849676,0.004763306,-0.012413372039794921
2015-07-08,TSLA,16.997334,-0.048230577,9.334816e+08,9.314994296258448,0.016159348,0.016433937,-0.001229752540588379
2015-07-08,AMBA,97.45,-0.03380928,6.168621e+08,9.314994296258448,0.020625984,0.022165252,8.235931396484344e-06
2015-07-09,CACC,252.8,-0.07524598,3.0820262e+07,8.832262354058031,0.0042325635,-0.012064885,-0.017728735446929933
2015-07-09,CRUS,30.74,-0.040574316,3.686275e+07,8.832262354058031,0.025374128,0.044241987,0.01690090751647949
2015-07-24,GOOG,30.88546,-0.03216005,1.7494633e+09,6.246512238628242,-0.004105262,0.007120477,0.009772072792053223
2015-07-24,GILD,77.71773,-0.041050546,7.69191e+08,6.246512238628242,-0.0017724234,0.0021272025,0.0024064884185791015
2015-07-27,TSLA,16.867332,-0.046720233,1.01285114e+09,3.0459978346532353,0.010829619,0.0427256,0.030054222106933592
2015-07-27,SWKS,73.88776,-0.043189198,3.6669757e+08,3.0459978346532353,0.014225861,0.018183684,0.002402316093444824
2015-08-20,META,89.77166,-0.049837433,3.0943314e+09,3.6876493689941583,-0.03356897,-0.093528934,-0.06354265356063843
2015-08-20,AMZN,25.789,-0.03216244,2.4178578e+09,3.6876493689941583,-0.016324772,-0.10161304,-0.08820371770858765
2015-08-21,META,85.31083,-0.049690858,3.2168274e+09,1.0474502991479397,-0.10492654,-0.035556514,0.07600201225280762
2015-08-21,AMZN,24.7235,-0.041316077,2.3605253e+09,1.0474502991479397,-0.06247087,-0.056828476,0.004518280982971192
2015-08-24,NFLX,9.688,-0.068103135,2.0753025e+09,0.4749255853823655,0.112200655,0.13676712,0.020588170051574706
2015-08-24,META,81.37541,-0.046130337,3.388148e+09,0.4749255853823655,0.05920305,0.062126726,0.0012602910995483398
2015-08-25,NVAX,205.0,-0.04473442,7.365234e+07,0.43070884470660076,0.031219482,0.13365851,0.09783781623840332
2015-08-25,ULTA,153.26,-0.034400243,1.3645344e+08,0.43070884470660076,0.00678591,0.045543592,0.03699649429321289
2015-09-25,INCY,106.62,-0.04761049,1.812895e+08,3.819769979803553,-0.010035638,-0.06593516,-0.05796616220474243
2015-09-25,REGN,486.083,-0.06001926,4.130676e+08,3.819769979803553,0.0006928065,-0.07917758,-0.0813150897026062
2015-09-28,AMZN,25.203,-0.03851218,1.8416575e+09,0.7230922892217251,0.0038487532,0.015533884,0.010140310287475586
2015-09-28,META,88.43342,-0.038374286,2.6938043e+09,0.7230922892217251,-0.0012331827,0.007734439,0.007478605270385743
2015-09-29,SRPT,31.9,-0.050877742,5.105952e+07,0.5615046804130515,-0.017241355,0.23134793,0.25145042991638183
2015-09-29,PANW,27.968332,-0.04490611,3.0724326e+08,0.5615046804130515,0.013050466,0.022942673,0.008264790534973145
2015-11-09,NFLX,10.986,-0.036822733,1.8582776e+09,7.926138037896706,-0.009102529,0.0273075,0.03524447536468506
2015-11-09,BKNG,51.355106,-0.09569632,9.8508096e+08,7.926138037896706,-0.006932699,0.014056523,0.019635807037353514
2015-11-10,FSLR,55.87,-0.043158084,1.0783566e+08,5.626901038848416,0.0026848314,-0.034902465,-0.03898661279678345
2015-11-10,TMUS,35.208363,-0.039678548,1.8118498e+08,5.626901038848416,0.0097217,0.025384897,0.014012347221374512
2015-11-11,DOX,45.038372,-0.07554075,3.150801e+07,4.395979959853847,-0.0127791045,-0.026277727,-0.015173365116119384
2015-11-11,MIDD,90.78037,-0.062245466,4.071138e+07,4.395979959853847,-0.010280059,-0.064604774,-0.05638896369934082
2015-11-12,NFLX,10.892,-0.03491051,1.7345112e+09,0.9904562396493333,-0.005325061,0.022309955,0.026282917022705077
2015-11-12,AMCX,76.09,-0.031317715,8.142374e+07,0.9904562396493333,-0.003416934,0.007622577,0.009577404022216797
2015-11-13,AMZN,32.1175,-0.034930844,2.8769144e+09,0.24164903846390473,-0.0022261655,0.0014789635,0.002213369369506836
2015-11-13,META,103.04508,-0.03767834,3.0032832e+09,0.24164903846390473,-0.006060346,0.011351867,0.016018401145935057
2015-12-11,AMZN,32.0075,-0.033473287,2.992636e+09,9.926623303361481,0.0024994714,0.02888384,0.02481855010986328
2015-12-11,META,101.231026,-0.03130341,2.383564e+09,9.926623303361481,0.0016647633,0.023795737,0.020594130516052245
2016-01-04,AMZN,31.8495,-0.057553682,2.8656492e+09,6.868202046416627,0.015494681,-0.0068133236,-0.02346764945983887
2016-01-04,NFLX,10.996,-0.03864307,1.755263e+09,6.868202046416627,0.004456146,0.07020729,0.06395937061309814
2016-01-05,VRSN,79.958725,-0.03025593,9.406115e+07,6.208860758082679,-0.012283655,-0.010563864,0.0002411708831787109
2016-01-05,AVGO,10.474185,-0.033455204,3.2696694e+08,6.208860758082679,-0.021451466,-0.06159094,-0.04251938009262085
2016-01-06,AVGO,10.152008,-0.03075914,3.1934874e+08,3.0125963235199293,-0.014854743,-0.038187243,-0.02518438243865967
2016-01-06,FSLR,69.52,-0.034846622,1.9084754e+08,3.0125963235199293,-0.02704254,-0.05609888,-0.03136389398574829
2016-01-07,AMZN,30.397,-0.03905794,2.9817423e+09,0.6967071497330579,0.019278234,0.016120005,-0.004598607063293457
2016-01-07,META,97.06759,-0.049043514,2.2789187e+09,0.6967071497330579,0.02001636,-0.0041868784,-0.025228251457214357
2016-01-08,SWBI,14.232925,-0.04191369,6.908837e+07,0.5012145919795046,0.0035352402,-0.00044162862,-0.005462874412536621
2016-01-08,ROST,46.93769,-0.030877864,1.2231475e+08,0.5012145919795046,0.008061565,0.045105368,0.03524757480621338
2016-02-05,META,103.164055,-0.058104873,4.7819607e+09,2.768455731197207,-0.035168678,-0.043528438,-0.010164488792419433
2016-02-05,GOOGL,34.85632,-0.035984766,2.5655782e+09,2.768455731197207,-0.022848794,-0.00389335,0.01789868927001953
2016-02-08,META,98.88165,-0.0415106,4.9085553e+09,1.5947595055685042,-0.026165424,0.012531503,0.03823662853240967
2016-02-08,XRAY,49.438625,-0.030344296,7.2572776e+07,1.5947595055685042,-0.0087411,0.00926579,0.0166657075881958
2016-03-08,AMAT,16.748299,-0.033950716,2.0699565e+08,8.992213933408465,0.012246763,0.042066038,0.02795864200592041
2016-03-08,WYNN,70.6048,-0.044290982,3.3674794e+08,8.992213933408465,0.014326619,0.047215827,0.030924688339233397
2016-04-22,MSFT,45.37677,-0.07171031,1.3813056e+09,4.308628070822351,-1.6813436e-07,-0.006566067,-0.008065868854522705
2016-04-22,GOOGL,36.540787,-0.054141067,1.452998e+09,4.308628070822351,-0.0032799009,-0.016807377,-0.015071977615356445
2016-04-25,WYNN,79.990036,-0.052708473,3.534171e+08,4.308628070822351,9.537931e-08,-0.019463293,-0.020963419914245607
2016-04-25,APA,41.99617,-0.031850915,1.380556e+08,4.308628070822351,0.0088221105,0.05752634,0.046778331756591796
2016-04-26,TMUS,37.395218,-0.044924796,1.8462898e+08,2.004935034124955,0.003051128,0.010933158,0.006358037948608399
2016-04-26,LGND,78.64005,-0.0311275,5.0411556e+07,2.004935034124955,-0.003093764,-0.02332222,-0.021791209220886232
2016-04-27,CHRW,56.44324,-0.051512443,6.9223896e+07,0.7276636565894989,-0.012115226,-0.011697553,-0.001077164649963379
2016-04-28,LRCX,6.80142,-0.034704417,1.933684e+08,0.25057500608805583,-0.0042216517,-0.020087129,-0.017432679176330568
2016-04-28,NXPI,75.65795,-0.034517664,3.091782e+08,0.25057500608805583,0.004425088,0.005473427,-0.0004563226699829102
2016-04-29,TCOM,43.399086,-0.032394037,1.722345e+08,0.16012690438452637,-0.0011465428,0.008942929,0.008601079940795899
2016-04-29,VRSN,84.859764,-0.03377321,7.7919656e+07,0.16012690438452637,0.0010417398,0.008796395,0.006246577262878418
2016-06-10,APA,41.30923,-0.041375794,1.7402138e+08,5.39876915176275,-0.009155352,0.023169154,0.031123171806335448
2016-06-10,NTES,26.91289,-0.05539982,2.467112e+08,5.39876915176275,-0.006050203,0.015310517,0.01999081230163574
2016-06-13,NBIX,46.67,-0.03534524,5.3514884e+07,2.4128019798585996,-0.0021426715,-0.0019283553,-0.0012851848602294922
2016-06-13,ACAD,38.1,-0.03787879,9.773577e+07,2.4128019798585996,-0.006824103,0.0018372624,0.0072208747863769535
2016-06-14,OLLI,23.16,-0.032581482,2.983758e+07,2.4128019798585996,0.0,0.0043178056,0.002817760467529297
2016-06-14,SWBI,13.748642,-0.044580363,3.8546844e+07,2.4128019798585996,0.0013725943,-0.005031805,-0.007895637989044189
2016-06-27,AMAT,19.965755,-0.04046476,3.18411e+08,8.914839454805843,0.020636799,0.056976125,0.034104476928710936
2016-06-27,AVGO,11.010402,-0.034225345,3.9088166e+08,8.914839454805843,0.021374604,0.07916187,0.05507792091369629
2016-09-09,BIIB,296.1,-0.037792884,4.0999635e+08,4.149879717639536,-0.0066193566,0.0044241725,0.009617100715637207
2016-09-09,AMZN,38.007,-0.030507848,1.6226862e+09,4.149879717639536,-0.0036703676,0.0011444995,0.003332625389099121
2016-10-28,AMZN,38.816,-0.05137097,2.974793e+09,7.791351982208894,0.0060669957,0.011709045,0.0041080818176269535
2016-10-28,LITE,37.45,-0.037275083,3.5939364e+07,7.791351982208894,0.00801066,-0.044058785,-0.05315565013885498
2016-10-31,SRPT,39.24,-0.040586792,1.5405488e+08,6.713121886828219,0.0045870664,-0.047145825,-0.052996684551239015
2016-10-31,NTES,42.852276,-0.030116677,2.091112e+08,6.713121886828219,0.007820915,-0.054671545,-0.06350754642486572
2016-11-01,ADSK,70.1,-0.030160492,9.865019e+07,2.0889366669666174,0.0011412529,-0.035520654,-0.03812019968032837
2016-11-01,NTES,41.524956,-0.03097432,2.2839899e+08,2.0889366669666174,-0.001043864,-0.022527086,-0.02300571346282959
2016-11-02,AMD,6.76,-0.046544418,2.9302464e+08,0.8505889014577548,0.002958577,-0.02958584,-0.03394835138320923
2016-11-02,WDC,36.935272,-0.035639476,2.4152914e+08,0.8505889014577548,0.0041667526,-0.003260672,-0.008896578788757324
2016-11-03,ULTA,231.61,-0.03209492,2.2965474e+08,0.34850905755487815,-0.007210389,0.004231232,0.010024677276611329
2016-11-03,META,118.95538,-0.05638115,2.4129157e+09,0.34850905755487815,-0.0034166852,0.017916689,0.01990653133392334
2016-11-04,GEN,11.271744,-0.077013396,1.0112461e+08,0.2457976372100461,0.027245145,0.051936667,0.022536526679992674
2016-11-04,NTAP,23.929876,-0.06163335,8.1244136e+07,0.2457976372100461,0.024302201,0.06699539,0.040180216789245604
2016-12-01,QCOM,49.366276,-0.05827074,5.1133043e+08,4.908374936201511,-0.0032729898,0.03428881,0.03618515586853027
2016-12-01,MU,18.020535,-0.053763505,4.711997e+08,4.908374936201511,-0.001082457,0.0070349653,0.006626258850097657
2016-12-30,NTES,36.02728,-0.034349713,1.6401437e+08,5.3670667626089,0.01876077,0.015603428,-0.004599262714385986
2017-03-21,AMD,13.82,-0.040277775,1.2110145e+09,5.538747657523231,-0.00868306,-0.0021707478,0.0050693855285644535
2017-03-21,TSLA,16.712,-0.042913817,1.506645e+09,5.538747657523231,0.0035104253,0.01635547,0.011300097465515137
2017-04-11,AAOI,42.38,-0.04678358,1.0549173e+08,6.501583856825064,-0.008022656,0.06890038,0.076045166015625
2017-04-11,ON,14.6,-0.03311258,1.1181065e+08,6.501583856825064,-0.0027397233,-0.03356169,-0.03240667724609375
2017-04-12,AVGO,16.250565,-0.038381767,4.0289475e+08,2.5100937693529772,4.777009e-05,0.022323303,0.020774374961853026
2017-04-12,TSLA,19.789333,-0.038450364,1.7384456e+09,2.5100937693529772,-0.00047160036,0.015496598,0.014475713729858399
2017-04-13,AMD,12.31,-0.03526644,9.192443e+08,1.1384949571191925,0.017871592,0.0519902,0.03201950645446777
2017-04-13,TCBI,77.53361,-0.037700877,8.5433496e+07,1.1384949571191925,0.0057803774,0.012203019,0.0048856840133667
2017-06-09,AAPL,34.534935,-0.038776796,3.8452403e+09,7.027021528464303,-0.021747958,-0.016042415,0.004332433700561524
2017-06-09,AMZN,48.9155,-0.0316351,3.4896888e+09,7.027021528464303,-0.011560797,0.002534995,0.012760649681091309
2017-06-12,EQIX,355.8113,-0.03233085,1.6775683e+08,5.08961784274284,0.001317669,0.016682155,0.01384426212310791
2017-06-12,NFLX,15.144,-0.041700967,8.661114e+08,5.08961784274284,0.019413607,0.0050185034,-0.015620995998382568
2017-06-27,AMD,13.4,-0.048295476,1.2441834e+09,8.110122447868235,0.018656718,-0.05970144,-0.07842301273345947
2017-06-27,TSLA,24.158,-0.040054016,3.171277e+09,8.110122447868235,0.011893887,-0.0044706394,-0.017672170639038087
2017-07-31,AMZN,49.389,-0.03162619,3.9527813e+09,8.62220588002188,0.008433054,0.0082103,-0.001720954418182373
2017-07-31,TSLA,21.564667,-0.0346196,2.9189763e+09,8.62220588002188,-0.0014530214,0.007481362,0.007447372436523438
2017-08-10,NFLX,16.914,-0.037774466,1.6794628e+09,4.079463285904595,0.0042568585,0.010996857,0.005211363792419434
2017-08-10,AAPL,36.145992,-0.03185202,3.7625984e+09,4.079463285904595,0.008241293,0.029165776,0.019253383636474608
2017-09-21,IONS,51.83,-0.038047496,5.980431e+07,8.367850805280298,-0.0055952324,0.01717151,0.021394859313964842
2017-09-21,JD,37.65773,-0.03285345,4.3087862e+08,8.367850805280298,-0.011633198,-0.047696415,-0.0379876389503479
2017-09-22,TSLA,23.406,-0.04199407,1.7853952e+09,6.860517220527299,0.0058674235,-0.016633928,-0.02387015962600708
2017-09-22,SRPT,45.17,-0.040976655,1.1005028e+08,6.860517220527299,0.0044277348,-0.018374985,-0.024202276706695558
2017-09-25,NFLX,17.855,-0.046970967,1.0184267e+09,1.39758799296537,0.012041454,0.019154353,0.0055282220840454106
2017-09-25,META,161.4522,-0.044974837,2.3701714e+09,1.39758799296537,0.010008004,0.029532751,0.01783133602142334
2017-10-26,JOYY,67.12586,-0.031451255,8.5428664e+07,9.391122047845613,0.007343674,0.002524459,-0.006284047603607177
2017-10-26,AAL,47.275013,-0.047236256,2.6560656e+08,9.391122047845613,-0.004114466,-0.027977802,-0.025461961269378663
2017-11-15,XNET,12.23,-0.04378424,6.5017652e+07,6.977017327018004,-0.053147968,0.24284549,0.311108003616333
2017-11-15,ALNY,125.95,-0.03353292,1.8074467e+08,6.977017327018004,0.009210033,0.0123859085,0.0016470060348510742
2017-12-26,ONC,95.24,-0.050637975,3.534064e+07,6.986332869468896,0.008294844,0.02740446,0.017452369689941405
2017-12-26,MU,41.19954,-0.042384304,2.0426117e+09,6.986332869468896,-0.0007097083,-0.010413962,-0.011211146354675293
2017-12-29,MARA,16.4,-0.048723906,3.621804e+07,9.077490256509108,0.0,0.021951256,0.020451198577880858
2018-02-02,GOOGL,55.432518,-0.052801795,2.1278912e+09,5.809159039633414,-0.016610075,-0.031066727,-0.01620082998275757
2018-02-02,AAPL,37.48576,-0.043390203,5.64227e+09,5.809159039633414,-0.008722998,0.015763126,0.023201714515686034
2018-02-05,NVDA,5.276874,-0.08487463,3.2356324e+09,1.5132028813206517,-0.043519095,0.07065943,0.11787355995178223
2018-02-05,META,179.68211,-0.04740384,4.89523e+09,1.5132028813206517,-0.014840628,-0.0059584836,0.007515917778015137
2018-03-19,META,171.05783,-0.067696825,3.9147697e+09,2.224431381920155,-0.029496953,-0.018370366,0.009964715003967286
2018-03-19,NVDA,5.9546857,-0.037847515,3.5911365e+09,2.224431381920155,0.0004980829,0.031369694,0.029356251716613768
2018-03-22,MU,57.45508,-0.035205524,3.5464635e+09,2.8981226503452433,-0.02087567,-0.057026375,-0.038421441555023195
2018-03-22,NFLX,30.67,-0.030902445,3.4872558e+09,2.8981226503452433,0.002314938,0.044506025,0.040593753814697264
2018-03-23,AMZN,74.778,-0.031949904,8.096472e+09,1.0864140550487065,0.023028165,0.0009962962,-0.02303587341308594
2018-03-23,MU,52.862186,-0.07993883,3.7943757e+09,1.0864140550487065,0.0378159,-0.033388622,-0.07011001253128052
2018-04-24,AMZN,73.0045,-0.038060118,9.338257e+09,3.4766766579312076,-0.001431416,0.03963456,0.039624820709228514
2018-04-24,NFLX,30.702,-0.036618654,4.184215e+09,3.4766766579312076,-0.0021171432,0.022669567,0.023339282035827635
2018-06-25,AMZN,83.1575,-0.030611942,6.4501125e+09,3.636440618647839,0.0055436795,-0.0015873947,-0.008591760635375976
2018-06-25,NFLX,38.448,-0.06473033,4.034199e+09,3.636440618647839,0.022887984,0.0153714,-0.008848299026489257
2018-07-30,NVDA,6.0357537,-0.031307,1.8792701e+09,7.945787745537984,-0.0017201916,0.009584929,0.009824524879455567
2018-07-30,NFLX,33.496,-0.057008572,5.4630175e+09,7.945787745537984,-0.01029966,0.010210261,0.019223462104797362
2018-09-05,ADBE,256.14,-0.039522942,6.349215e+08,7.9616537252857995,0.0031623235,0.018466387,0.013755808830261231
2018-09-05,NFLX,34.118,-0.06166118,3.3378936e+09,7.9616537252857995,0.01834807,0.021982532,0.00206900691986084
2018-09-06,URBN,43.54,-0.08797655,1.5038662e+08,3.8611439498631768,-0.00045935824,0.00964626,0.008610259056091309
2018-09-06,NTNX,51.41,-0.03164438,1.5969744e+08,3.8611439498631768,-0.009920216,0.0079751,0.016574631690979003
2018-09-07,ADI,81.48975,-0.03223841,2.4475272e+08,2.6819191060427983,0.006386091,-0.0075560166,-0.015353609561920166
2018-09-07,FAST,11.6594305,-0.03067259,9.700906e+07,2.6819191060427983,0.0036712529,0.033566315,0.028285752296447753
2018-10-04,NFLX,36.365,-0.035539057,3.17178e+09,5.267366312605006,-0.010669613,-0.04001105,-0.031157900333404542
2018-10-04,PYPL,83.40981,-0.032243412,7.127069e+08,5.267366312605006,-0.0015412491,-0.04493706,-0.044962812900543214
2018-10-05,NFLX,35.135,-0.03382382,3.1827295e+09,2.4520152605713292,-0.017560745,0.012409302,0.02900577640533447
2018-10-05,NVDA,6.6755404,-0.033763956,2.385749e+09,2.4520152605713292,-0.01245105,-0.016008431,-0.005102206707000732
2018-10-08,AMD,26.46,-0.032541182,4.492077e+09,1.6054430793071077,-0.011715777,-0.055177595,-0.04547702217102051
2018-10-08,ADBE,254.69,-0.03240635,8.916015e+08,1.6054430793071077,-0.0020809562,-0.06588401,-0.06543605470657349
2018-10-10,AAPL,51.112507,-0.046326097,7.1276667e+09,3.3694546768512055,-0.008504544,0.026576336,0.03388179397583008
2018-10-10,AMZN,87.7625,-0.061524253,1.005228e+10,3.3694546768512055,-0.017803732,0.019005831,0.035976778030395506
2018-10-11,QCOM,52.86903,-0.036565375,8.8728877e+08,2.2858513593682233,0.019598754,-0.0018664004,-0.022552539348602296
2018-10-11,CSCO,35.27927,-0.03309218,7.923976e+08,2.2858513593682233,0.018358827,0.012465711,-0.007286895751953125
2018-10-24,AAPL,50.812485,-0.03430181,6.6723917e+09,3.623691296550305,0.012181059,0.0056259716,-0.007976163864135742
2018-10-24,MSFT,94.72264,-0.053469088,3.3704394e+09,3.623691296550305,0.04134087,0.045348044,0.0023480758666992187
2018-11-14,SRPT,111.99,-0.040935162,1.5789182e+08,8.113638551300198,-0.01250113,0.06295208,0.07490838623046875
2018-11-14,ERIC,6.7789955,-0.049327295,7.81516e+07,8.113638551300198,-1.4068077e-07,0.009434053,0.007934223175048829
2018-11-20,COST,197.68356,-0.041225612,5.2732723e+08,5.966274260835945,0.005699713,0.003419812,-0.0037670626640319825
2018-11-20,CMCSA,27.67801,-0.037191976,7.2925056e+08,5.966274260835945,-0.0016325266,0.017138291,0.017301450729370116
2018-12-17,AMD,18.83,-0.05376883,2.0317132e+09,4.88981533457526,0.016994143,-0.03558152,-0.05319707536697388
2018-12-17,TSLA,23.228,-0.047277875,2.3844083e+09,4.88981533457526,0.00608458,-0.04434306,-0.051622618675231935
2018-12-19,CRON,11.17,-0.03206238,1.3604802e+08,9.643813960208533,0.0026857415,-0.085944496,-0.08989285373687744
2018-12-19,ILMN,295.1362,-0.03246376,3.4208397e+08,9.643813960208533,-0.0019116902,-0.08088338,-0.08062296056747437
2018-12-20,TSLA,21.025333,-0.052827578,2.4040394e+09,5.482504351888778,0.006404961,-0.06338384,-0.07084463977813721
2018-12-20,DXCM,27.515,-0.03013752,2.4450013e+08,5.482504351888778,0.008268251,-0.01898961,-0.02853434228897095
2018-12-21,UAL,81.47,-0.034830023,3.6153184e+08,1.9451984319453146,-0.006873666,0.028599506,0.034218679428100585
2018-12-21,WDAY,144.93,-0.046889417,5.1478838e+08,1.9451984319453146,-0.014075715,0.061270997,0.07492233371734619
2018-12-24,CME,132.4827,-0.033013728,3.3341376e+08,0.9723808845549513,0.0028307887,0.05371058,0.0492361888885498
2018-12-24,AVGO,19.299307,-0.04536383,9.509816e+08,0.9723808845549513,0.017023154,0.072925694,0.05346680736541748
2019-03-07,PDD,29.09,-0.03000999,2.6739491e+08,4.27285071802261,-0.037126157,0.028875908,0.06704701042175293
2019-03-07,TCOM,40.08519,-0.05423809,2.6525653e+08,4.27285071802261,-0.04344585,0.040715,0.0864833698272705
2019-03-08,OKTA,78.43,-0.03423222,1.6841518e+08,3.5947846695960806,0.0040800674,0.028050452,0.022372971534729003
2019-03-08,LULU,142.51,-0.035138812,2.426398e+08,3.5947846695960806,0.0034383938,0.023015922,0.018010507583618163
2019-05-02,WBD,29.26,-0.05276786,1.31264344e+08,6.421716339027526,0.0064935246,-0.0041011907,-0.012026418685913086
2019-05-02,NXST,89.09519,-0.035896808,4.2290012e+07,6.421716339027526,0.002788005,0.016188292,0.011863003730773926
2019-05-09,PPLI,41.357132,-0.031352,1.7762208e+08,7.497073268349723,0.0006914157,-0.024242718,-0.026416887283325197
2019-05-09,TTD,18.992,-0.14492817,3.2024237e+08,7.497073268349723,0.005739219,-0.06929233,-0.0761033787727356
2019-05-13,META,179.95966,-0.036104966,3.328288e+09,2.2685082139958723,0.005398413,0.026054967,0.019045721054077147
2019-05-13,AMZN,91.134,-0.03560882,8.612339e+09,2.2685082139958723,0.009228123,0.02659271,0.01570583438873291
2019-05-28,ROKU,88.83,-0.07256209,1.1861985e+09,8.157858046322005,0.019700551,0.050771073,0.02897025203704834
2019-05-28,IDXX,246.85,-0.03615626,1.2566631e+08,8.157858046322005,-0.0042941575,0.0115454355,0.014407883644104004
2019-05-29,AMD,28.09,-0.03304644,2.1118478e+09,3.0976499743119064,0.011035937,-0.024207914,-0.03635912084579468
2019-05-29,SHOP,27.268,-0.03452184,6.0196864e+08,3.0976499743119064,0.008874893,0.008141416,-0.002227057456970215
2019-06-03,MSFT,112.31109,-0.031047815,2.9752456e+09,3.3941267662552974,0.012015891,0.049983155,0.036016355514526366
2019-06-03,META,162.72105,-0.0750549,2.6902257e+09,3.3941267662552974,-0.0026802106,0.024489766,0.02574301815032959
2019-07-31,MU,43.773907,-0.054150887,1.2590807e+09,8.713863314999259,0.0024506175,-0.018044077,-0.021944512367248536
2019-07-31,AMD,30.45,-0.10097426,1.7174611e+09,8.713863314999259,0.001642011,-0.033169135,-0.03625409746170044
2019-08-01,NXPI,89.09785,-0.032788463,3.1211302e+08,5.764537688422649,-0.004400323,-0.031000238,-0.028217483997344972
2019-08-01,JD,25.067192,-0.043463636,2.4860443e+08,5.764537688422649,-0.015029719,-0.08528485,-0.07282714986801148
2019-08-02,CSCO,43.453682,-0.038634967,6.8390144e+08,1.9246771472745365,-0.016150385,-0.012206348,0.002508769989013672
2019-08-02,PYPL,105.90891,-0.033483822,8.1603424e+08,1.9246771472745365,-0.03109527,-0.019236127,0.010739694595336914
2019-08-05,AAPL,46.207508,-0.052347668,5.124924e+09,0.46379414137823005,0.01536132,0.029481992,0.012407074928283692
2019-08-05,AMZN,88.2565,-0.031871855,7.263755e+09,0.46379414137823005,0.015353015,0.016015794,-0.0008472099304199219
2019-08-23,MSFT,125.42612,-0.03186215,3.4793628e+09,9.849914518175993,0.011994694,0.017617252,0.004055868148803711
2019-08-23,AAPL,48.61417,-0.046220455,6.6799913e+09,9.849914518175993,0.015890332,0.0075011496,-0.009757985115051269
2019-09-24,AMD,29.52,-0.03655349,1.5508017e+09,3.7039032395592244,-0.0013550445,-0.0016938057,-0.001839210033416748
2019-09-24,ROKU,103.53,-0.035764217,2.9995745e+09,3.7039032395592244,0.013426054,-0.0018352404,-0.016559113502502443
2019-12-03,UAL,88.87,-0.03012108,1.6762947e+08,8.890559092755254,0.0032632037,-0.011364939,-0.016080607414245607
2019-12-03,DPZ,260.9013,-0.03387173,1.7685405e+08,8.890559092755254,-0.0008445221,0.009785812,0.009139309883117676
2020-01-27,INTC,57.944614,-0.04060163,1.2877627e+09,5.577669077739017,0.012330748,0.0097427005,-0.004056502819061279
2020-01-27,NVDA,5.9710116,-0.04104153,1.678311e+09,5.577669077739017,0.011032717,0.0222317,0.009576807975769043
2020-02-24,TSLA,55.586,-0.0745949,1.8111734e+10,2.769755566797187,0.018242003,-0.06595187,-0.08418553018569946
2020-02-24,AAPL,71.91969,-0.04750031,1.0391892e+10,2.769755566797187,0.009289401,-0.018546233,-0.029079426765441896
2020-02-25,TSLA,53.32733,-0.040633738,1.8384288e+10,1.3839557513293101,-0.021764891,-0.15115449,-0.13376842880249024
2020-02-25,AAPL,69.48359,-0.033872556,1.0620666e+10,1.3839557513293101,-0.0053803776,-0.050541468,-0.04690538787841797
2020-02-27,AAPL,65.97179,-0.06536815,1.1129723e+10,4.142274389022788,-0.059447184,0.0924612,0.16000963306427002
2020-02-27,TSLA,45.266666,-0.12814584,1.9011789e+10,4.142274389022788,-0.07260678,0.095169425,0.17941166019439697
2020-02-28,CHTR,493.17,-0.030242797,7.293734e+08,6.225480300407497,0.002635983,0.0037714893,-0.0003673925399780274
2020-02-28,GILD,54.34274,-0.045417063,1.2125262e+09,6.225480300407497,0.013840673,0.069925055,0.053818713188171385
2020-03-09,AAPL,64.199005,-0.07909199,1.379665e+10,7.206050454194724,0.041214105,0.034789983,-0.007669795989990234
2020-03-09,TSLA,40.533333,-0.13572526,1.393952e+10,7.206050454194724,0.08458887,0.0431415,-0.03971486234664917
2020-08-11,AMD,76.88,-0.06517511,5.876267e+09,8.812070155579761,0.02016133,0.06451612,0.04197813129425049
2020-08-11,TSLA,91.626,-0.03114406,1.9277588e+10,8.812070155579761,0.069565415,0.17943233,0.10122109508514404
2020-09-08,TSLA,110.07,-0.21062824,3.531324e+10,3.9559047386760398,0.07991886,0.12455709,0.03983486747741699
2020-09-08,AAPL,109.33813,-0.06729495,2.3670495e+10,3.9559047386760398,0.039354645,0.005938735,-0.033650626182556154
2020-10-19,PENN,64.83,-0.08574251,6.5127424e+08,5.679207571912343,-0.0012340248,-0.02622244,-0.026519288063049318
2020-10-19,LULU,336.46,-0.03854842,5.821288e+08,5.679207571912343,0.005349873,-0.032574426,-0.03922246837615967
2020-10-26,PTON,118.1,-0.036154415,2.6807086e+09,6.836444941793573,0.019136343,0.034038987,0.013122926712036133
2020-10-26,NVDA,13.084568,-0.033038605,5.5111255e+09,6.836444941793573,0.012536803,-0.03913262,-0.052529622554779054
2020-10-28,AMZN,158.139,-0.03759507,1.6413684e+10,8.839024775588257,0.012169669,-0.04003764,-0.05307965421676636
2020-10-28,TSLA,135.34,-0.043938976,1.6729562e+10,8.839024775588257,0.009703999,-0.044283524,-0.05496864461898804
2021-02-19,KHC,28.246565,-0.037987556,2.2256835e+08,6.584743612616364,-0.0032016293,-0.009605023,-0.007924009799957275
2021-02-19,APPN,203.86,-0.059035283,3.113234e+08,6.584743612616364,-0.023839893,-0.11218481,-0.09200250053405762
2021-02-22,TSLA,238.16667,-0.08549846,2.0147464e+10,0.9521940766432522,-0.073296,0.038516406,0.11915601348876953
2021-02-22,NVDA,14.298054,-0.038237333,4.0698637e+09,0.9521940766432522,-0.019539244,0.009978525,0.028606067657470702
2021-02-23,BIDU,322.61,-0.03925079,2.7879393e+09,0.7991930009762314,-0.039831303,-0.088062905,-0.051732410430908204
2021-02-23,PYPL,262.07736,-0.03231691,3.1017733e+09,0.7991930009762314,0.004169776,-0.0417359,-0.0472150936126709
2021-02-25,TSLA,227.40666,-0.08059082,2.1422246e+10,9.469318006622032,0.026061973,0.053076755,0.024828563690185546
2021-02-25,AAPL,117.633804,-0.034782454,1.3035173e+10,9.469318006622032,0.013224116,0.056202814,0.04091776466369629
2021-05-04,NVDA,14.298504,-0.032723013,4.87515e+09,2.8770947885721654,0.02492812,0.011967664,-0.014145184993743896
2021-05-04,AAPL,124.303505,-0.035385292,1.1872587e+10,2.8770947885721654,0.010559201,0.014782747,0.0026794776916503906
2021-05-05,MRNA,162.84,-0.06192753,1.8885286e+09,2.2442197589705017,-0.09113238,0.0019036942,0.10086477851867676
2021-05-05,ROKU,304.17,-0.048249267,1.1375648e+09,2.2442197589705017,-0.018640935,0.042180315,0.06047655200958252
2021-05-12,NVDA,13.707935,-0.038287356,4.2193718e+09,4.338761459316444,0.02000562,0.03521432,0.013410459518432618
2021-05-12,TSLA,196.63,-0.044248212,2.2099972e+10,4.338761459316444,0.019749435,-0.00025430022,-0.02111624622344971
2021-07-16,AMAT,122.76145,-0.03768771,8.809067e+08,7.473709925284837,-0.023326367,0.02956778,0.052657495498657225
2021-07-16,NVDA,18.098398,-0.04245713,9.089414e+09,7.473709925284837,-0.01353157,0.024833558,0.03739143466949463
2021-07-19,AAL,18.97,-0.04143515,6.247546e+08,3.275115651606413,0.0042171814,0.12809701,0.12185968017578125
2021-07-19,HON,196.0293,-0.04198317,5.863502e+08,3.275115651606413,0.0044413563,0.050711546,0.044565568923950194
2021-08-18,NVAX,226.99,-0.032314453,1.400017e+09,5.373127337588471,-0.027974827,0.017181346,0.04495586013793945
2021-08-18,AMD,103.44,-0.038304158,1.0754856e+10,5.373127337588471,-0.0011601193,0.011697593,0.011372695922851563
2021-09-10,UPST,270.46,-0.06609121,1.3725588e+09,4.328779628561321,0.0012202067,-0.0052502514,-0.007962633609771728
2021-09-10,AAPL,145.30104,-0.033101756,1.1023227e+10,4.328779628561321,0.011143247,-0.005705675,-0.018163193702697755
2021-09-13,BNTX,322.86365,-0.0631461,1.3365175e+09,3.836506475093529,-0.0029651416,0.085926436,0.08765591239929199
2021-09-13,MRNA,419.72,-0.066002056,6.0922307e+09,3.836506475093529,-0.0010721724,0.03511863,0.03472961044311523
2021-09-14,CHTR,761.86,-0.039353427,7.066315e+08,1.981886709928304,-0.00047250855,0.004436517,0.0034113035202026367
2021-09-14,UPST,269.04,-0.032230183,1.2248285e+09,1.981886709928304,-0.0035051429,0.09002379,0.09235788440704346
2021-09-20,TSLA,243.39,-0.038604844,1.2596019e+10,3.9602199314275595,0.006327266,0.02981498,0.02183998680114746
2021-09-20,AMZN,167.7865,-0.030841744,1.0134902e+10,3.9602199314275595,0.005742423,0.007247326,-3.6849975585937812e-06
2021-09-28,MRNA,384.21,-0.06024363,5.8299003e+09,5.809862679561988,0.02342469,0.0016917672,-0.02273546600341797
2021-09-28,MSFT,272.10178,-0.036204103,6.627614e+09,5.809862679561988,0.005572758,-0.005642743,-0.01265339994430542
2021-09-29,ASML,715.96155,-0.038132712,7.781608e+08,5.322174034287045,0.0051037,-0.011473691,-0.017993260860443117
2021-09-29,AMAT,123.072395,-0.034765355,9.50006e+08,5.322174034287045,0.008653463,0.0067045246,-0.003432203769683838
2021-09-30,CROX,143.48,-0.042253535,2.8289984e+08,3.868812980902291,0.005366632,-0.05164475,-0.05820708417892456
2021-09-30,LCID,253.8,-0.03424652,1.2005092e+09,3.868812980902291,0.0051221554,-0.048857402,-0.05520450019836426
2021-11-10,AMD,139.87,-0.060770907,7.8563205e+09,6.938542993858405,0.022092026,0.05733899,0.0329851016998291
2021-11-10,NVDA,29.36263,-0.039077576,9.799741e+09,6.938542993858405,0.03425112,0.03160335,-0.004060079097747802
2021-11-26,NVDA,31.399952,-0.035838835,1.4682232e+10,9.879648837587936,0.027394064,0.037234418,0.00807798957824707
2021-11-26,TSLA,360.64,-0.030537594,3.508152e+10,9.879648837587936,0.01762605,0.058081895,0.03825510597229004
2022-01-05,TSLA,362.70667,-0.053471215,2.457212e+10,6.392564708568912,-0.010219457,-0.056207012,-0.04796235704421997
2022-01-05,NVDA,27.517065,-0.05756251,1.4444828e+10,6.392564708568912,0.0013043719,-0.012932746,-0.015718568801879884
2022-01-06,WDC,48.69559,-0.034595862,2.238016e+08,6.18691148409593,-0.0012356978,0.012357134,0.012109647750854493
2022-01-06,TTD,76.93,-0.034028117,3.166798e+08,6.18691148409593,0.013908744,0.052905235,0.03696156597137451
2022-01-07,TSLA,342.32,-0.035446566,2.5823418e+10,3.1069363353669814,-0.02625223,0.036457058,0.06289995765686035
2022-01-07,NVDA,27.161194,-0.033040028,1.3951237e+10,3.1069363353669814,-0.024443116,0.020919662,0.04499937152862549
2022-01-10,COST,492.44794,-0.03241442,1.44141e+09,8.578223333653767,-6.197118e-08,0.01349286,0.011992941856384278
2022-01-10,DLTR,135.74,-0.03703179,3.3967363e+08,8.578223333653767,-0.0013261229,0.008545663,0.008384834289550782
2022-01-19,NVDA,24.988062,-0.032273933,1.2048653e+10,7.928407884949635,0.009454665,-0.06753896,-0.07777248764038086
2022-01-19,TSLA,331.88333,-0.033827897,2.6980504e+10,7.928407884949635,0.014141502,-0.051976096,-0.06669567966461182
2022-01-20,NVDA,24.073948,-0.03658203,1.1939839e+10,4.23969759196838,-0.026625216,-0.032215435,-0.0072430863380432125
2022-01-20,AMD,121.89,-0.04973887,8.823842e+09,4.23969759196838,-0.014357207,-0.04397408,-0.03154831075668335
2022-01-21,TSLA,314.63333,-0.052566066,2.7772404e+10,1.431983289307695,-0.04146624,-0.027015574,0.013575802803039551
2022-01-21,NVDA,23.300394,-0.032132406,1.2013817e+10,1.431983289307695,-0.04466526,-0.044921804,-0.0017685189247131348
2022-01-25,NVDA,22.253698,-0.044839863,1.2697984e+10,6.7225509365255505,0.04103195,-0.01702195,-0.05726574802398682
2022-01-25,AMD,111.13,-0.04634001,9.403397e+09,6.7225509365255505,0.03077482,-0.07675694,-0.10582130098342896
2022-01-26,LCID,334.1,-0.057811618,1.633927e+09,6.198785156609844,0.013169691,-0.18736906,-0.19943200492858887
2022-01-26,KMB,111.86031,-0.034305006,2.3493384e+08,6.198785156609844,0.0008158641,0.030258179,0.027918349266052245
2022-01-27,TSLA,276.36667,-0.115541756,2.942126e+10,3.0972996115190625,0.0029670992,0.12980336,0.12496102905273437
2022-01-27,QCOM,145.13942,-0.03473034,1.5285536e+09,3.0972996115190625,0.005024676,0.09032253,0.08337141132354736
2022-02-22,ABNB,165.24,-0.055231497,1.1916109e+09,6.674410429828967,0.0041756667,-0.04224165,-0.04772429609298706
2022-02-22,BKNG,98.63362,-0.03752849,1.0785485e+09,6.674410429828967,0.007350419,-0.088641986,-0.09679203176498413
2022-02-23,MU,85.349144,-0.035994317,1.8033527e+09,2.265887263144492,-0.036422033,0.031954926,0.06946147537231445
2022-02-23,DDOG,149.44,-0.059770983,8.2416614e+08,2.265887263144492,-0.0380755,0.080099046,0.12135232543945312
2022-03-07,PANW,88.918335,-0.043048553,1.0923576e+09,5.260889072679035,-0.0047047096,0.040111702,0.043528209686279296
2022-03-07,AVGO,52.67112,-0.042433336,1.3261455e+09,5.260889072679035,0.0025754997,0.046118543,0.04193116283416748
2022-03-08,CSX,32.88144,-0.054579493,5.37543e+08,4.485134228505473,0.020005401,-0.0028579973,-0.0239149227142334
2022-03-08,CME,184.7092,-0.05514769,3.782998e+08,4.485134228505473,0.015875207,0.028096996,0.010530839920043946
2022-04-11,ENPH,187.88,-0.03720403,4.620819e+08,3.630720018955273,0.021928864,0.028475573,0.004906188011169434
2022-04-11,TSLA,325.31,-0.048328087,2.5471463e+10,3.630720018955273,0.022245439,0.047585413,0.023288498878479003
2022-04-12,HYMC,20.0,-0.09502264,2.0958275e+08,2.9618318293818646,-0.0149999615,0.005000019,0.018804560661315917
2022-04-12,SNY,44.96947,-0.03028198,9.3885736e+07,2.9618318293818646,0.012742358,0.00053849194,-0.013550390243530273
2022-04-22,PANW,95.263336,-0.03449319,8.199323e+08,7.1852056458134115,0.0016095168,0.016113188,0.012980233192443848
2022-04-22,COST,543.48334,-0.03386621,1.330082e+09,7.1852056458134115,-0.0024311491,-0.031379994,-0.030519415378570558
2022-05-09,VRTX,235.02,-0.0744693,4.943243e+08,8.118183745392756,0.019402593,-0.00025528704,-0.02078377151489258
2022-05-09,MAR,157.08247,-0.050254714,4.6825482e+08,8.118183745392756,0.025693772,0.018980807,-0.008044768810272216
2022-06-10,ULTA,407.72,-0.03463953,4.289903e+08,3.4566060650416546,-0.023839893,-0.036912557,-0.01489191198348999
2022-06-10,ON,60.14,-0.040217053,4.3519098e+08,3.4566060650416546,-0.04007316,-0.058031224,-0.020207752227783204
2022-06-13,ULTA,391.77,-0.039120015,4.3507837e+08,1.2939907051126482,0.008984914,0.035326842,0.024607311248779296
2022-06-13,TMUS,118.48949,-0.045130767,4.810827e+08,1.2939907051126482,0.0040925513,0.015246429,0.0096083984375
2022-06-14,EXE,73.39204,-0.061261695,1.6108024e+08,5.687313578965231,0.0038791469,-0.037649743,-0.042868484497070314
2022-06-14,EXC,36.219925,-0.03136434,2.4146174e+08,5.687313578965231,0.008272602,-0.025762213,-0.0352556004524231
2022-08-19,ENPH,283.7,-0.03503397,1.1098199e+09,9.96324600380433,-0.02696519,0.0060274634,0.03240693664550781
2022-08-19,SEDG,300.33,-0.053243853,4.3173216e+08,9.96324600380433,-0.018646076,-0.039523177,-0.022773791790008546
2022-08-22,SEDG,288.84,-0.038257886,4.3656717e+08,3.2802509416691805,0.009278468,0.01997642,0.009099613189697266
2022-08-22,ON,68.8,-0.051426936,5.864352e+08,3.2802509416691805,0.004796427,0.04694761,0.04044998741149902
2022-08-23,LI,29.36,-0.04829821,2.8031856e+08,3.1509847112434954,-0.019754766,0.058242474,0.07806910133361816
2022-08-23,PGY,187.92,-0.06058786,1.5335078e+08,3.1509847112434954,-0.018518496,-0.12324396,-0.10820137405395508
2022-08-30,APA,34.223072,-0.049323045,2.4726198e+08,8.30242368713769,-0.02924714,-0.035605364,-0.00804977560043335
2022-08-30,FANG,114.69984,-0.03726814,2.9270416e+08,8.30242368713769,-0.02759776,-0.02811978,-0.0020368590354919434
2022-08-31,FWONK,61.568867,-0.03442001,8.800435e+07,6.005144070640483,-0.007066583,0.0018843972,0.0075146064758300785
2022-08-31,ENVX,22.12,-0.050236154,1.3354479e+08,6.005144070640483,-0.025768606,-0.12160942,-0.09987585687637329
2022-09-01,CELH,33.06333,-0.04154994,2.5859133e+08,9.719085213106894,0.018247899,-0.054138497,-0.07258908891677857
2022-09-01,SNPS,332.49,-0.039101783,3.9294458e+08,9.719085213106894,0.0049626287,-0.01702308,-0.0233772292137146
2022-09-02,VRTX,281.04,-0.031564448,3.6192262e+08,2.72277978567368,0.002348433,0.0120979,0.008226643562316895
2022-09-02,ADP,217.72649,-0.03041163,3.1324227e+08,2.72277978567368,-0.0003773235,0.013586099,0.012468586921691895
2022-09-06,EXE,82.831375,-0.032183547,1.979701e+08,1.581571664743052,-0.02102981,0.040091284,0.06093407726287842
2022-09-06,PDD,66.62,-0.0771575,1.000089e+09,1.581571664743052,-0.019964002,0.023566492,0.04291726207733154
2022-09-21,CELH,32.743332,-0.039127532,1.5914947e+08,8.91731145891093,-0.014252164,-0.09884962,-0.08732055568695068
2022-09-21,PDD,62.49,-0.054614175,1.111696e+09,8.91731145891093,0.0068810447,-0.039046284,-0.04711340808868408
2022-09-22,ON,64.96,-0.049458552,5.0105344e+08,4.713356291547157,-0.0212438,-0.034790616,-0.015340854167938232
2022-09-22,ENPH,283.63,-0.06872207,1.1132975e+09,4.713356291547157,-0.016218334,-0.030708991,-0.016229559421539308
2022-09-23,PDD,60.05,-0.053734634,1.1093471e+09,2.1117520798160996,0.023813494,0.015653662,-0.009470094680786132
2022-09-23,RUN,30.87,-0.05015382,2.233253e+08,2.1117520798160996,-0.0025915103,-0.020408198,-0.01936303520202637
2022-09-26,RUN,29.64,-0.039844554,2.2388827e+08,1.6549939463483128,0.021255096,0.048245624,0.024928818702697753
2022-09-26,ENVX,17.69,-0.04481641,1.11030664e+08,1.6549939463483128,0.028264556,0.07122669,0.04028130626678467
2022-09-27,RUM,11.66,-0.04347824,7.163736e+07,5.5966368960862525,0.030874839,0.06689534,0.03344167327880859
2022-09-27,XMTR,55.78,-0.042074546,4.1732616e+07,5.5966368960862525,-0.0032269687,0.02581575,0.0276367769241333
2022-10-10,ON,61.93,-0.0447324,4.4483152e+08,7.95729992604268,-0.019538173,-0.048118837,-0.030650187969207765
2022-10-10,PDD,58.26,-0.083385825,5.2108013e+08,7.95729992604268,-0.020082358,-0.039821487,-0.02164368772506714
2022-10-11,PDD,55.71,-0.0437693,5.2390838e+08,4.492092864012577,0.0059235655,-0.0061030365,-0.013455738067626953
2022-10-11,PCTY,229.11,-0.03316876,1.1428469e+08,4.492092864012577,0.00030549546,-0.0032299135,-0.0050343766212463375
2022-10-12,FSLR,126.88,-0.033810616,4.141237e+08,4.397842951111016,-0.044687882,-0.027742723,0.016237746238708495
2022-10-12,TMUS,126.400215,-0.03069629,6.809543e+08,4.397842951111016,-0.016022366,-0.010681798,0.00392747974395752
2022-11-02,ENPH,289.5,-0.033324465,1.1808817e+09,8.867268308452125,-0.008359286,-0.024386866,-0.0176626935005188
2022-11-02,NFLX,27.3,-0.047951177,4.097171e+09,8.867268308452125,-0.0064102286,-0.04472523,-0.04006217861175537
2022-11-03,SRPT,105.01,-0.07414915,1.2203962e+08,4.991854028964866,0.0,-0.043995835,-0.04549585723876953
2022-11-03,EXE,85.05384,-0.044810347,1.642231e+08,4.991854028964866,0.025019966,0.05155345,0.024385820388793944
2022-12-06,FSLR,157.47,-0.05785568,4.2592637e+08,8.88654050048578,-0.0060964418,-0.030227944,-0.025779534816741945
2022-12-06,ENPH,309.73,-0.077690415,1.1806324e+09,8.88654050048578,-0.0016466269,0.032738138,0.032941471099853514
2022-12-07,UAL,44.06,-0.04050516,2.5406645e+08,7.186466092242014,0.007262816,-0.02315026,-0.03169380569458008
2022-12-07,JD,52.504166,-0.03148295,4.9015834e+08,7.186466092242014,0.033618476,-0.002224119,-0.03617679023742676
2022-12-16,ENPH,303.39,-0.033974346,1.1290806e+09,7.549633819317563,0.015557436,-0.0043508597,-0.021103252410888673
2022-12-16,MRNA,193.29,-0.06735829,1.1489244e+09,7.549633819317563,0.034714714,0.040716078,0.004300008773803711
2022-12-19,BILI,21.66,-0.05867016,3.277388e+08,4.012756147213196,-0.04524467,0.07756234,0.12712670421600342
2022-12-19,VRTX,291.59,-0.043339867,4.8912822e+08,4.012756147213196,0.00072016,-0.0035666812,-0.005783726215362548
2022-12-20,FUTU,58.66374,-0.057178233,1.6908752e+08,3.817388067620712,0.0031142489,0.023274934,0.018598090171813964
2022-12-20,URBN,25.11,-0.040504374,5.6403188e+07,3.817388067620712,0.031063272,-0.035444096,-0.06600372934341431
2022-12-28,PDD,81.42,-0.044366185,1.0214147e+09,5.9314658334564,0.0013510269,0.0015967193,-0.0012546672821044922
2022-12-28,JD,50.438133,-0.04506796,4.1573152e+08,5.9314658334564,-0.00017818714,-0.00035622303,-0.0016780986785888672
2023-02-21,NFLX,33.75,-0.030060967,2.565681e+09,5.81288353380323,0.0,-0.041036986,-0.04253696346282959
2023-02-21,NVDA,20.609207,-0.03427146,1.087244e+10,5.81288353380323,0.0025177787,0.14567901,0.1413016424179077
2023-02-22,CSGP,72.13,-0.05117074,1.8837797e+08,9.660243991158353,0.0031887337,-0.019409316,-0.024026204586029054
2023-02-22,CEG,75.573135,-0.03197727,1.8706157e+08,9.660243991158353,0.0025704855,0.0225344,0.0184127197265625
2023-03-10,ON,78.38,-0.037219092,6.2761555e+08,8.000703652158961,-0.021306433,0.035978563,0.057032118797302245
2023-03-10,SHOP,41.46,-0.035813976,9.3987846e+08,8.000703652158961,-0.022672422,0.056439947,0.0794476375579834
2023-04-12,WBD,14.06,-0.058271926,2.4274674e+08,7.462176529011913,0.0035561335,-0.0199147,-0.024887670516967775
2023-04-12,COIN,67.84,-0.033480637,1.3295983e+09,7.462176529011913,0.030218206,0.030513082,-0.001213897705078125
2023-04-20,ON,74.26,-0.034581333,4.3685168e+08,8.285308930848032,-0.0035012406,0.0016158782,0.003635059356689453
2023-04-20,CSCO,42.710842,-0.030391186,7.92322e+08,8.285308930848032,-0.00021480136,0.017389443,0.016108046531677245
2023-04-25,ASML,587.85455,-0.034460798,6.479133e+08,1.663618472554262,0.013140341,0.038761098,0.02378846263885498
2023-04-25,AMD,83.8,-0.043051235,4.564204e+09,1.663618472554262,0.03233889,0.043436747,0.009250293731689454
2023-08-02,AMD,109.35,-0.070153065,7.443719e+09,9.62934069790019,-0.003657993,0.05916782,0.061556468963623046
2023-08-02,NVDA,44.18293,-0.04812174,1.9849693e+10,9.62934069790019,-0.010594537,0.009284002,0.01859141445159912
2023-08-03,QCOM,110.611404,-0.08176688,1.1188692e+09,8.589884452390038,-0.007919268,0.0053917565,0.011917243957519532
2023-08-03,ROKU,88.47,-0.03046574,1.0410177e+09,8.589884452390038,0.0013563368,-0.00079122523,-0.0036446943283081055
2023-08-04,AAPL,179.31926,-0.048020195,1.0198969e+10,5.271001280548745,0.00076932454,-0.012033492,-0.014293004512786865
2023-08-04,RIVN,25.26,-0.046792444,1.9447028e+09,5.271001280548745,0.017022973,-0.01821065,-0.036143888473510744
2023-08-17,PLTR,14.15,-0.08414241,1.3198408e+09,7.137791910535952,-0.019081237,0.02473501,0.04316855525970459
2023-08-17,META,282.60825,-0.031261753,7.4097613e+09,7.137791910535952,-0.021256395,0.016871862,0.03745628452301025
2023-08-18,COIN,73.19,-0.031365737,8.0711795e+08,6.388607813645137,0.0008197507,0.023363834,0.021025548934936522
2023-08-18,MARA,11.28,-0.0791837,4.004542e+08,6.388607813645137,0.007978737,-0.029255314,-0.038439263343811036
2023-09-07,PDD,96.61,-0.049020533,1.03669114e+09,8.70276593532462,-0.009005307,0.008177217,0.01583863353729248
2023-09-07,AMAT,144.79549,-0.03231515,7.599013e+08,8.70276593532462,-0.0034402898,-0.010254057,-0.008337368011474609
2023-09-20,GOOGL,132.47939,-0.031150332,3.3364918e+09,5.289501789577628,-0.017197777,-0.026095552,-0.010553468704223632
2023-09-20,GOOG,133.32716,-0.03054112,2.7792812e+09,5.289501789577628,-0.016345667,-0.024816174,-0.01011126184463501
2023-09-21,AMZN,129.33,-0.044053454,6.9287276e+09,1.814154937821229,0.013763231,0.015000406,-0.0002795352935791016
2023-09-21,AMD,96.11,-0.042156626,5.906225e+09,1.814154937821229,0.008427817,0.01321399,0.003246079444885254
2023-09-22,COIN,70.96,-0.046492867,5.9457645e+08,2.77128950992622,-0.014797005,-0.006200711,0.007225404739379883
2023-09-22,TSLA,244.88,-0.04231518,3.1004486e+10,2.77128950992622,-0.006125449,-0.0031036008,0.0015404329299926758
2023-10-19,SMCI,26.505,-0.07009792,8.902227e+08,8.44510252764583,-0.0012827199,-0.038332347,-0.03859721565246582
2023-10-19,TSLA,220.11,-0.0930031,2.9201949e+10,8.44510252764583,-0.014083895,-0.036481753,-0.02421777391433716
2023-10-20,PLTR,16.11,-0.05568575,9.564936e+08,3.3456085272036233,-0.013035443,0.032898743,0.04504085636138916
2023-10-20,SMCI,24.858,-0.0621392,9.048923e+08,3.3456085272036233,-0.009775526,0.056480784,0.06541038608551025
2023-10-26,MSFT,320.38608,-0.037514206,7.8068214e+09,8.055201913660966,0.007746315,0.02872892,0.019321332931518553
2023-10-26,NVDA,40.250908,-0.03477824,2.0106973e+10,8.055201913660966,0.019937575,0.02070628,-0.0007462396621704102
2024-01-02,AAPL,183.404,-0.035786606,1.046207e+10,4.4634333340467265,-0.007649112,-0.020092491,-0.014039267539978027
2024-01-02,AMD,138.58,-0.05990097,8.669992e+09,4.4634333340467265,-0.020710023,-0.018545298,0.0007106170654296875
2024-01-03,AFRM,43.49,-0.06673813,1.1631461e+09,2.200861670558865,0.0,-0.011037096,-0.012537111282348632
2024-01-03,TSLA,238.45,-0.04013365,2.82291e+10,2.200861670558865,0.003355014,-0.0040259655,-0.00885628604888916
2024-01-04,NXPI,198.8144,-0.03850432,4.642208e+08,1.4791977410429809,0.0011071031,0.021226369,0.018597017288208006
2024-01-04,RIVN,19.5,-0.040354315,7.9829664e+08,1.4791977410429809,-0.006153889,0.00410256,0.008819948196411133
2024-02-21,COIN,162.41,-0.062839,1.861805e+09,9.889867208012461,0.01502372,0.021981357,0.005354653358459473
2024-02-21,SMCI,73.417,-0.06780355,1.0709546e+10,9.889867208012461,0.17818762,0.17140444,-0.0072572722434997555
2024-04-04,NVDA,85.75659,-0.034384813,5.2227256e+10,7.930682051380984,0.011186991,0.014294919,0.001573573112487793
2024-04-04,AMD,165.83,-0.08264647,1.3866654e+10,7.930682051380984,0.013688743,0.024543159,0.009207736015319825
2024-04-17,AMD,154.02,-0.057751145,1.1056094e+10,5.88231066746053,0.009674004,-0.047915887,-0.058538068771362306
2024-04-17,NVDA,83.88983,-0.038666043,4.1542095e+10,5.88231066746053,0.01112626,-0.093235046,-0.10471289300918579
2024-04-18,SMCI,92.848,-0.03291396,5.179163e+09,3.757002809418779,-0.061907645,-0.22774854,-0.17828523063659668
2024-04-18,MU,111.13325,-0.037823524,3.865459e+09,3.757002809418779,-0.020280497,-0.02510487,-0.006424237728118896
2024-04-19,NVDA,76.06836,-0.100046076,4.159797e+10,1.0421762374113115,0.024986882,0.08166667,0.0537980899810791
2024-04-19,AMD,146.64,-0.054423537,1.0523845e+10,1.0421762374113115,0.010297289,0.03839338,0.026309739112854003
2024-06-24,NVDA,117.91565,-0.066840515,5.4426624e+10,7.477146474056298,0.026162116,0.07018881,0.041404138565063475
2024-06-24,AVGO,156.28185,-0.03699707,7.3265736e+09,7.477146474056298,0.004974084,-0.00013190671,-0.006580759525299072
2024-07-17,TSLA,248.5,-0.031415645,2.8180505e+10,6.158673134937857,0.01042252,-0.03742456,-0.04885350608825684
2024-07-17,NVDA,117.79584,-0.06623941,4.0454246e+10,6.158673134937857,0.032714743,-0.0005084284,-0.03367071294784546
2024-07-18,CRWD,85.7625,-0.03349866,2.2936722e+09,4.809910230282696,-0.14149535,-0.2306952,-0.10540138626098633
2024-07-18,COIN,233.24,-0.06366921,1.7605987e+09,4.809910230282696,0.007974621,0.13681181,0.12631786918640137
2024-07-19,CRWD,76.24,-0.11103337,2.8297943e+09,2.6479425964118093,-0.065418355,-0.118310556,-0.058094550609588624
2024-07-19,TSLA,239.2,-0.040243946,2.8904718e+10,2.6479425964118093,0.020944858,0.030016756,0.007385860443115235
2024-07-24,TSLA,215.99,-0.123346046,3.1595571e+10,8.56050923715378,0.0037501622,0.017639693,0.012337575912475586
2024-07-24,NVDA,114.062,-0.06803167,3.43357e+10,8.56050923715378,-0.0105908,-0.010415687,-0.0013229742050170899
2024-07-25,MSTR,160.647,-0.03958889,2.0699087e+09,5.761928566173992,0.0582208,0.048790187,-0.010411669254302978
2024-07-25,GOOGL,165.89339,-0.0309912,4.1779374e+09,5.761928566173992,-0.0007770427,0.0134505285,0.012738595962524414
2024-08-05,NVDA,100.2847,-0.06357795,3.8974267e+10,7.507646407518152,0.033748142,-0.015330956,-0.048976887702941896
2024-08-05,AAPL,207.294,-0.048167013,1.2893532e+10,7.507646407518152,-0.018970838,0.0026281504,0.020516763687133788
2024-09-06,TSLA,210.73,-0.08445933,1.6183252e+10,3.8816287167460217,0.025957393,0.07326913,0.04461480236053467
2024-09-06,NVDA,102.6608,-0.040854283,4.079517e+10,3.8816287167460217,0.019935781,0.051249426,0.029201637268066405
2024-10-31,META,564.3332,-0.04092594,6.72227e+09,9.50098347555543,5.277938e-05,-0.012156779,-0.013708938598632812
2024-10-31,NVDA,132.55287,-0.047222715,3.2811278e+10,9.50098347555543,0.01461301,0.024781555,0.008522044181823731
2024-11-15,AMZN,202.61,-0.041942477,8.81073e+09,1.905575939015975,0.0076007764,0.009871181,0.0007531747817993164
2024-11-15,NVDA,141.75847,-0.032570455,2.9077545e+10,1.905575939015975,-0.017467175,0.035427768,0.052335391998291014
2024-12-19,MARA,20.37,-0.05738083,2.0066414e+09,9.714991710833061,-0.024055064,-0.054982856,-0.03319006109237671
2024-12-19,MSTR,326.46,-0.06629682,1.3928843e+10,9.714991710833061,-0.021717811,0.017674508,0.03876687145233154
2024-12-31,MSTR,289.62,-0.044032205,9.205292e+09,6.527314265967988,0.036219843,0.17277816,0.13028503513336182
2024-12-31,TSLA,403.84,-0.03251002,3.814399e+10,6.527314265967988,-0.034023352,0.016343122,0.050640474319458006
2025-01-02,SOFI,14.13,-0.082467504,7.308812e+08,5.477945334121728,0.012031144,0.082094826,0.06773067569732666
2025-01-02,TSLA,379.28,-0.060816158,3.879937e+10,5.477945334121728,0.0058004963,0.08376394,0.07601381397247314
2025-01-13,PLTR,64.98,-0.033898287,6.8427044e+09,8.7086638944739,0.033856522,0.048630286,0.012789975166320801
2025-01-13,RGTI,6.05,-0.3225084,2.3308055e+09,8.7086638944739,0.085950404,0.8082643,0.663644443511963
2025-01-14,DJT,39.35,-0.082964376,4.1625782e+08,7.731114430707649,0.032274473,0.041931424,0.007854948997497559
2025-01-14,ILMN,136.48,-0.053668045,2.9629917e+08,7.731114430707649,0.018537506,0.006521098,-0.013297726154327392
2025-01-27,AVGO,199.58464,-0.17396799,6.459319e+09,8.97165788413561,0.029090108,0.020877557,-0.009480406284332275
2025-01-27,PLTR,75.44,-0.044821482,5.0858353e+09,8.97165788413561,0.0013255365,0.057264045,0.05436457252502441
2025-02-21,TSLA,337.8,-0.046839748,2.6757798e+10,4.668314700868251,0.0010065923,-0.10361161,-0.10601298952102661
2025-02-21,NVDA,134.2295,-0.04053965,3.7198262e+10,4.668314700868251,0.01584485,-0.05802266,-0.07421534204483032
2025-02-24,NVDA,130.08572,-0.030870885,3.7664043e+10,2.380383427483892,-0.0023027933,0.007675743,0.008501540184020996
2025-02-24,PLTR,90.68,-0.10527872,1.1142028e+10,2.380383427483892,-0.00033082024,-0.015108103,-0.016282190322875978
2025-02-25,PLTR,87.84,-0.031318966,1.1403687e+10,1.1703724991413935,0.015027407,-0.034949906,-0.05073737049102783
2025-02-25,TSLA,302.8,-0.083895594,2.7802376e+10,1.1703724991413935,0.0030052962,-0.06885725,-0.07314722681045532
2025-02-27,PLTR,84.77,-0.050834186,1.1682466e+10,3.627356949950027,-0.056505762,-0.015925428,0.041510711669921874
2025-02-27,TSLA,281.95,-0.030433204,2.8528419e+10,3.627356949950027,-0.0086895265,0.009576101,0.016925703048706053
2025-03-11,LULU,319.42,-0.042993605,5.9587654e+08,9.725566443124421,0.011176434,-0.030492831,-0.04270874404907227
2025-03-11,TMUS,249.55614,-0.03735512,1.0338307e+09,9.725566443124421,-0.008415638,0.009467187,0.01653469657897949
2025-03-28,PLTR,85.85,-0.047064025,9.086358e+09,6.4267116015813315,-0.06814209,-0.013628401,0.057000051498413085
2025-03-28,META,574.414,-0.04288226,1.0427657e+10,6.4267116015813315,-0.022956692,0.016055552,0.03842891311645508
2025-03-31,MELI,1950.87,-0.04745935,9.422941e+08,6.412059946225668,0.0024963196,-0.0086320285,-0.012600649833679199
2025-03-31,ZS,198.42,-0.04209714,4.9700515e+08,6.412059946225668,0.007962916,0.043443177,0.033699999809265135
2025-04-03,PLTR,83.6,-0.04402514,8.683036e+09,9.36640251742655,-0.042224865,-0.06889955,-0.0293506875038147
2025-04-03,MSTR,282.28,-0.09681964,5.517774e+09,9.36640251742655,0.00970664,-0.050092053,-0.06072377109527588
2025-04-04,NFLX,85.586,-0.06672486,4.9937357e+09,3.2149910363036014,-0.032727256,0.016988788,0.04989815807342529
2025-04-04,PLTR,74.01,-0.11471288,8.752663e+09,3.2149910363036014,-0.09944603,0.044723652,0.15858996963500976
2025-04-07,MSTR,268.14,-0.08674763,5.550601e+09,7.636128249419727,0.037331164,0.10710811,0.06576586818695068
2025-04-07,ORLY,88.92267,-0.040313073,5.968902e+08,7.636128249419727,0.012220307,0.010953327,-0.0027516379356384278
2025-04-08,QBTS,6.22,-0.057575777,7.630869e+08,4.53612293303415,0.008038616,0.15755628,0.1468253240585327
2025-04-08,HOOD,34.17,-0.035018403,2.1059958e+09,4.53612293303415,-0.013462075,0.18554288,0.2002204761505127
2025-04-21,COST,949.6596,-0.03693299,2.6769705e+09,5.749346634032079,0.012508079,0.018866623,0.0047800645828247074
2025-04-21,PLTR,90.8,-0.031776454,9.758993e+09,5.749346634032079,0.024394233,0.11035238,0.08241118049621582
2025-05-21,PLTR,120.58,-0.039891668,1.1994883e+10,9.27874484741325,0.011361711,0.022640536,0.009652148246765137
2025-05-21,MSTR,402.69,-0.034131274,5.6472873e+09,9.27874484741325,0.026099505,-0.08239587,-0.10723577880859375
2025-05-23,COIN,263.16,-0.03232215,3.6035776e+09,9.195663120549852,0.022267766,-0.03370577,-0.056254316806793214
2025-05-23,MSTR,369.51,-0.074976176,5.8841236e+09,9.195663120549852,0.031419948,-0.014235094,-0.04576431655883789
2025-08-01,AMZN,214.75,-0.08269617,9.758508e+09,2.9674148210432634,0.012339902,-0.0046565775,-0.018289317131042482
2025-08-01,META,747.5599,-0.03029323,9.240249e+09,2.9674148210432634,0.013319785,0.0179331,0.0030527219772338867
2025-08-19,NVDA,175.40637,-0.034997992,2.7690035e+10,3.4616853878166864,-0.0026759326,-0.0037577534,-0.002584744930267334
2025-08-19,AMD,166.55,-0.054445308,1.2080554e+10,3.4616853878166864,-0.014710278,-0.017051915,-0.0038766160011291504
2025-08-20,MU,117.02218,-0.039655883,2.2423524e+09,1.9752654723729535,-0.0017916552,0.0040098885,0.0043119297027587895
2025-08-20,INTC,23.54,-0.06993277,3.0503624e+09,1.9752654723729535,-0.00042481854,0.05352584,0.05247355556488037
2025-08-21,WMT,97.142105,-0.04494492,1.6983543e+09,1.185846422645568,0.0011228648,-0.01929361,-0.021893550395965578
2025-08-21,SBET,18.04,-0.07344625,1.05033165e+09,1.185846422645568,0.019955581,0.06263853,0.040347825050354
2025-10-10,TSLA,413.49,-0.050626848,4.4099383e+10,8.66270216859644,0.02428114,0.0380904,0.011981855392456055
2025-10-10,NVDA,182.9267,-0.04886533,3.2450198e+10,8.66270216859644,0.02626114,-0.017089019,-0.043740798473358156
2025-11-17,HOOD,115.97,-0.053306114,3.7365105e+09,7.191104342477843,-0.017763194,0.018884216,0.035810123443603514
2025-11-17,APP,539.27,-0.033046428,2.791986e+09,7.191104342477843,-0.010968603,-0.017097246,-0.007696558475494384
2025-11-18,AMD,230.29,-0.04253289,1.3519849e+10,2.7968450671396283,-0.00013026524,-0.10538881,-0.10677229309082031
2025-11-18,AMZN,222.55,-0.044316538,1.2870138e+10,2.7968450671396283,0.005347124,-0.02430916,-0.030998577117919923
2025-11-20,AMD,206.02,-0.07841645,1.3536962e+10,9.817668128772326,0.013542342,0.04383069,0.028383623123168944
2025-11-20,NVDA,180.4099,-0.031524785,3.937826e+10,9.817668128772326,0.0033215648,0.010573574,0.005728136062622071
2025-12-12,NVDA,174.8068,-0.03266449,3.7618848e+10,6.155793438107452,0.016683808,0.01542684,-0.0027363195419311524
2025-12-12,AVGO,357.92413,-0.11428007,1.0964732e+10,6.155793438107452,0.005445558,-0.051760003,-0.05839579248428345
2025-12-15,HOOD,115.26,-0.035481155,3.5444692e+09,4.267419208592855,0.012450092,0.0046850676,-0.009169568061828613
2025-12-15,AVGO,337.91626,-0.05589976,1.1660952e+10,4.267419208592855,-0.011153236,-0.040581457,-0.03126018190383911
2025-12-17,TSLA,467.26,-0.046174563,3.4447786e+10,4.926473218327956,0.02332747,0.029833501,0.004857789039611817
2025-12-17,NVDA,170.73177,-0.038149916,3.6995805e+10,4.926473218327956,0.021001464,0.058792517,0.03551364994049072
2025-12-31,MRNA,29.49,-0.03025321,3.0532176e+08,4.986841756041187,0.011529338,0.09087821,0.07694448089599609
2025-12-31,AAOI,34.86,-0.032204326,1.6800016e+08,4.986841756041187,0.042598985,0.003729233,-0.038781572818756105
2026-01-02,PLTR,167.86,-0.05563994,6.625331e+09,3.7180919911048704,0.04182059,0.07059458,0.026118885040283202
2026-01-02,APP,618.32,-0.08236621,2.3802888e+09,3.7180919911048704,-0.0010027091,-0.001746696,-0.002244760036468506
2026-01-20,TSLA,419.25,-0.041714285,3.0125117e+10,4.565382605261078,0.005748369,0.07181869,0.06419266319274902
2026-01-20,NVDA,177.85307,-0.043816764,2.9833214e+10,4.565382605261078,0.005503536,0.038018737,0.030837188720703124
2026-02-04,NVDA,173.9778,-0.03410222,3.1168043e+10,7.027932647079453,0.004248098,0.06441241,0.05840970134735107
2026-02-04,TSLA,406.01,-0.03779975,2.7033885e+10,7.027932647079453,-0.022142362,0.012561207,0.03398932075500488
2026-02-05,WDC,259.9143,-0.03422295,2.6584566e+09,3.573067316518703,0.03958648,0.099158354,0.05580354785919189
2026-02-05,AMD,192.5,-0.038413517,9.908967e+09,3.573067316518703,0.024051974,0.12207792,0.09422362899780273
2026-03-12,TSLA,395.01,-0.03141091,2.3838159e+10,9.387223103770793,0.010531388,0.0013923389,-0.010543812751770019
2026-03-12,MU,405.11746,-0.031861328,1.3342572e+10,9.387223103770793,0.020722961,0.08992233,0.06629444217681885
2026-03-13,FTAI,221.3726,-0.061288223,5.4323795e+08,5.961253472933336,0.033477265,0.06483982,0.02884663200378418
2026-03-13,AAOI,96.81,-0.08833228,9.4149126e+08,5.961253472933336,0.03295117,-0.10825324,-0.13819991493225098
2026-03-20,SNDK,709.71,-0.08079369,1.2419288e+10,5.305963421073017,0.008862744,-0.010187318,-0.020382691860198976
2026-03-20,MU,422.6574,-0.04810135,1.6026614e+10,5.305963421073017,0.007684966,-0.064719744,-0.07335250520706177
2026-03-27,RKLB,60.93,-0.07597819,1.5693527e+09,6.814231339971016,0.008534391,0.053996403,0.04357732391357422
2026-03-27,NBIS,100.82,-0.048598673,1.9811708e+09,6.814231339971016,0.014084489,0.029160906,0.013366948127746582
2026-03-30,SNDK,572.5,-0.070360355,1.2047726e+10,4.805608699900887,0.02709172,0.2100087,0.1765921220779419
2026-03-30,MU,321.7505,-0.098776266,1.8163e+10,4.805608699900887,-0.00040386527,0.14310138,0.1420631513595581
2026-06-05,NVDA,205.1,-0.062014073,3.871233e+10,2.311869022710539,0.02476834,0.015065803,-0.01096807861328125
2026-06-05,MU,863.87714,-0.1325201,4.702517e+10,2.311869022710539,0.085948095,0.083193496,-0.004036535263061523
2026-07-17,SNDK,1354.82,-0.03987018,2.444217e+10,6.70953576383674,0.039828233,0.17314483,0.12671030616760254
2026-07-17,AMAT,529.0942,-0.05574677,7.557931e+09,6.70953576383674,0.030151537,0.06587255,0.03317559814453125
2026-07-24,MU,920.95,-0.06994477,4.865776e+10,9.662704648458245,0.012487105,-0.10903956,-0.12152778053283692
2026-07-24,SNDK,1436.56,-0.1079095,2.3743883e+10,9.662704648458245,0.018398069,-0.23699677,-0.25228094005584717
2026-07-27,NVDA,196.51,-0.049941994,2.6980626e+10,7.793082933555141,-0.0076840594,-0.0330772,-0.02708976411819458
2026-07-27,SNDK,1278.23,-0.11021473,2.3367674e+10,7.793082933555141,-0.08185539,-0.20523691,-0.13588135385513306
2026-07-28,SNDK,1096.1,-0.1424861,2.3078238e+10,3.5167969738259615,0.021191522,0.16774017,0.1420074806213379
2026-07-28,MU,820.53,-0.088502534,4.367827e+10,3.5167969738259615,0.015197458,0.06596948,0.048511873245239256
2026-07-29,MU,739.0,-0.09936264,4.2826613e+10,1.0729537655966226,0.07326119,0.11370775,0.036185751914978026
2026-07-29,SNDK,1015.89,-0.0731776,2.3164492e+10,1.0729537655966226,0.11725678,0.19582823,0.06882537460327148
2026-08-18,MU,940.76,-0.070165545,3.6944687e+10,9.939807747359069,0.019771222,0.035683922,0.014104138374328614
2026-08-18,SNDK,1625.78,-0.09014184,2.3527823e+10,9.939807747359069,0.034829434,-0.015475669,-0.05011193895339966
2026-08-19,AMD,466.42,-0.037098207,1.3556907e+10,8.331579944503048,-0.0016079928,0.014643425,0.014777670860290528
2026-08-19,SNDK,1568.87,-0.035004757,2.366209e+10,8.331579944503048,8.28653e-05,0.017343668,0.01575935935974121
2026-08-20,CRWD,190.34,-0.05599369,1.513653e+09,3.8475937708658847,0.003152286,0.001786258,-0.0028617277145385742
2026-08-20,MRNA,133.32,-0.23546275,2.5749243e+09,3.8475937708658847,-0.0015752078,0.041779116,0.041922818183898924
