entry,ticker,exit,hold,r
2010-06-10,BIDU,2010-06-14,2,0.07261877
2010-06-10,REGN,2010-06-16,4,0.07056908
2010-06-25,BIDU,2010-06-28,1,0.022565888
2010-06-28,AAL,2010-07-08,7,0.02076261
2010-06-24,BPOP,2010-07-09,10,-0.053447377
2010-06-25,AMD,2010-07-14,12,-0.049661826
2010-06-24,RGLD,2010-07-23,20,-0.093853846
2010-08-13,FFIV,2010-08-18,3,0.06769483
2010-08-13,NTAP,2010-08-20,5,0.070900485
2010-08-25,FFIV,2010-08-27,2,0.034851957
2010-08-12,AAPL,2010-09-02,15,0.017524766
2010-08-12,BIDU,2010-09-02,15,0.00083260436
2010-08-25,WYNN,2010-09-03,7,0.055575777
2010-10-05,FSLR,2010-10-15,8,-0.0055114757
2010-10-05,AKAM,2010-10-18,9,-0.015441133
2010-11-16,FFIV,2010-11-22,4,0.03345077
2010-11-15,WYNN,2010-11-23,6,-0.007418109
2010-11-16,AMZN,2010-11-23,5,0.061177183
2010-11-15,BIDU,2010-11-26,8,-0.021789862
2011-01-24,AAL,2011-01-27,3,0.098291084
2011-01-24,VECO,2011-02-07,10,0.060901333
2011-02-24,INTC,2011-02-28,2,0.029806064
2011-02-23,AAPL,2011-03-01,4,0.04829638
2011-02-24,BIDU,2011-03-04,6,0.04861014
2011-03-11,APA,2011-03-21,6,0.044376183
2011-02-23,GOOG,2011-03-22,19,-0.055167567
2011-03-11,MU,2011-03-22,7,0.035327006
2011-03-16,ADBE,2011-03-28,8,0.0029780138
2011-04-13,BIDU,2011-04-14,1,0.014906215
2011-04-12,BKR,2011-04-18,4,0.007686423
2011-04-13,OLED,2011-04-25,7,0.08664255
2011-04-12,APA,2011-04-27,10,0.012266206
2011-05-05,MLCO,2011-05-06,1,0.07437663
2011-05-06,VRTX,2011-05-09,1,0.0279855
2011-05-05,REGN,2011-05-13,6,0.09960918
2011-05-06,BKR,2011-05-19,9,-0.004932357
2011-05-17,BKNG,2011-05-20,3,0.041631747
2011-05-25,GT,2011-05-27,2,0.04989784
2011-05-24,BIDU,2011-05-31,4,0.039529253
2011-05-17,AMZN,2011-06-01,10,0.021104144
2011-05-24,BKNG,2011-06-01,5,0.019198583
2011-06-07,BKR,2011-06-10,3,0.007445978
2011-06-07,BIDU,2011-06-22,11,-0.0078032147
2011-06-08,WYNN,2011-06-22,10,-0.012821866
2011-06-09,SIRI,2011-06-22,9,-0.005925728
2011-06-13,BKR,2011-06-29,12,-0.016787304
2011-08-03,BIDU,2011-08-12,7,-0.012537731
2011-08-02,INCY,2011-08-15,9,-0.093065456
2011-08-03,AMZN,2011-08-16,9,-0.056547772
2011-08-05,AAPL,2011-08-16,7,0.0018389692
2011-08-19,AAPL,2011-08-24,3,0.030200766
2011-08-19,BIDU,2011-08-29,6,0.13390629
2011-08-22,WYNN,2011-08-29,5,0.05396359
2011-08-22,LULU,2011-08-29,5,0.1475337
2011-09-23,AMZN,2011-09-27,2,0.061174084
2011-10-03,INTC,2011-10-06,3,0.033938695
2011-10-04,BIIB,2011-10-06,2,0.10802941
2011-10-03,LULU,2011-10-07,4,0.09379165
2011-09-23,BKNG,2011-10-11,12,-0.04483701
2011-11-22,PPLI,2011-11-29,4,0.020799207
2011-11-21,STX,2011-11-30,6,0.058999825
2011-11-22,FFIV,2011-12-01,6,0.08648662
2011-11-21,OLED,2011-12-06,10,-0.11173673
2011-12-15,FFIV,2011-12-21,4,0.016223596
2011-12-15,ULTA,2012-01-05,13,0.0311486
2011-12-16,MELI,2012-01-06,13,-0.035900187
2012-03-07,REGN,2012-03-09,2,0.013250278
2012-03-07,APA,2012-03-12,3,0.03178494
2012-04-11,BKNG,2012-04-13,2,-0.015769495
2012-04-11,PSKY,2012-04-18,5,0.027292894
2012-04-25,LULU,2012-04-27,2,0.027639555
2012-04-25,ZION,2012-05-02,5,0.0103528965
2012-04-24,WMT,2012-05-08,10,-0.004375411
2012-04-24,BIDU,2012-05-22,20,-0.12447454
2012-05-08,MELI,2012-05-23,11,-0.14206363
2012-05-07,CSCO,2012-05-24,13,-0.123502925
2012-05-07,FFIV,2012-06-05,20,-0.26229775
2012-06-04,PSKY,2012-06-06,2,0.04497676
2012-06-04,SBUX,2012-06-19,11,0.051114965
2012-07-12,INCY,2012-07-13,1,0.058259297
2012-07-13,UAL,2012-07-17,2,0.022128629
2012-07-11,EXPE,2012-07-19,6,0.017320918
2012-07-11,ISRG,2012-07-19,6,0.03728311
2012-07-13,MAR,2012-07-30,11,0.031013535
2012-07-26,BKNG,2012-07-30,2,0.07433133
2012-07-26,AAPL,2012-08-01,4,0.061353136
2012-08-31,WDC,2012-09-07,4,0.007741021
2012-08-31,STX,2012-09-24,15,-0.061234247
2012-09-27,JAZZ,2012-09-28,1,-0.0011758337
2012-09-26,VRTX,2012-10-03,5,0.021982359
2012-09-27,SSYS,2012-10-04,5,0.121210024
2012-09-26,CRUS,2012-10-05,7,0.023960995
2012-10-10,EBAY,2012-10-17,5,0.04339664
2012-10-22,AAPL,2012-10-23,1,0.029338526
2012-10-10,AMZN,2012-10-31,13,-0.063222244
2012-10-11,EQIX,2012-11-05,15,-0.023120178
2012-10-11,TMUS,2012-11-12,20,-0.075545624
2012-11-09,CRUS,2012-11-20,7,0.008159326
2012-11-09,LULU,2012-11-20,7,0.04430132
2012-11-15,FSLR,2012-11-20,3,0.019382285
2012-11-15,SIRI,2012-11-21,4,0.024829911
2012-12-06,PENN,2012-12-07,1,0.0030608643
2012-12-06,SRPT,2012-12-19,9,-0.032065105
2012-12-27,LULU,2013-01-02,3,0.04855447
2012-12-31,SRPT,2013-01-02,1,0.14149682
2012-12-27,AMZN,2013-01-03,4,0.03520911
2013-02-22,SSYS,2013-03-05,7,0.05249362
2013-02-22,HST,2013-03-11,11,0.02013545
2013-06-06,FSLR,2013-06-07,1,0.05140512
2013-06-06,GILD,2013-06-17,7,0.04643922
2013-06-25,MU,2013-06-26,1,0.009917067
2013-06-24,SIRI,2013-06-27,3,0.079644844
2013-06-24,UAL,2013-06-28,4,0.046779323
2013-06-25,APA,2013-07-15,13,-0.00679232
2013-07-22,MSFT,2013-08-05,10,0.0053090323
2013-08-19,IONS,2013-08-30,9,0.023168014
2013-08-16,MU,2013-09-04,12,0.055457283
2013-08-19,MNKD,2013-09-04,11,-0.033679735
2013-08-16,CSCO,2013-09-05,13,-0.030351533
2013-10-09,META,2013-10-15,4,0.054086495
2013-10-09,TSLA,2013-10-15,4,0.05937879
2013-10-10,BMRN,2013-10-23,9,0.011261629
2013-10-10,SRPT,2013-11-07,20,-0.19437863
2013-11-08,META,2013-11-14,4,0.017615126
2013-11-08,TSLA,2013-11-29,14,-0.05016483
2013-12-16,AXON,2013-12-17,1,0.054451752
2014-01-07,SSYS,2014-01-09,2,0.036254693
2014-01-07,FSLR,2014-01-17,8,-0.0034928452
2014-01-27,META,2014-01-31,4,0.10387854
2014-01-28,REGN,2014-01-31,3,0.049433876
2014-01-27,GOOG,2014-02-03,5,0.046153594
2014-01-28,BKNG,2014-02-10,9,0.03069632
2014-03-17,BIDU,2014-04-02,12,-0.014802827
2014-03-17,GILD,2014-04-02,12,-0.011531783
2014-03-25,TSLA,2014-04-03,7,0.026482867
2014-03-25,META,2014-04-10,12,-0.028893365
2014-04-07,GOOGL,2014-04-10,3,0.041603614
2014-04-07,GOOG,2014-04-10,3,0.043864537
2014-04-08,MU,2014-04-17,7,0.04659765
2014-08-01,CMCSA,2014-08-12,7,-6.611447e-05
2014-08-04,AKAM,2014-08-12,6,0.01388626
2014-08-04,MNKD,2014-08-12,6,0.02372186
2014-08-01,MU,2014-08-14,9,-0.0013238917
2014-09-16,META,2014-09-19,3,0.051774908
2014-09-16,TSLA,2014-10-03,13,-0.009191288
2014-10-15,ALNY,2014-10-16,1,0.0374146
2014-10-14,REGN,2014-10-20,4,0.099870846
2014-10-15,GILD,2014-10-21,4,0.094262645
2014-10-16,VRTX,2014-10-21,3,0.065599486
2014-10-14,TSLA,2014-10-24,8,0.03413682
2014-12-09,AMAT,2014-12-10,1,0.008531855
2014-12-09,AVGO,2014-12-10,1,0.020122932
2014-12-11,AVGO,2014-12-12,1,-0.011990799
2014-12-11,CSX,2014-12-18,5,0.032257486
2014-12-16,ADBE,2014-12-18,2,0.03385656
2014-12-16,REGN,2014-12-19,3,0.07092099
2014-12-17,MSFT,2014-12-19,2,0.056269575
2015-01-02,AMBA,2015-01-07,3,0.035538483
2015-01-05,BLMN,2015-01-08,3,0.05284958
2015-01-05,PPC,2015-01-09,4,0.054555465
2015-01-07,AMGN,2015-01-20,8,0.032227445
2015-01-16,NXPI,2015-01-20,1,0.036938358
2015-01-06,AMAT,2015-01-21,10,-0.016747488
2015-01-16,IONS,2015-01-21,2,0.02731018
2015-01-29,BIDU,2015-02-11,9,0.005598234
2015-01-29,AAL,2015-02-17,12,-0.043726455
2015-03-12,PENN,2015-03-16,2,0.036926676
2015-03-11,CMCSA,2015-03-17,4,-0.0018525849
2015-03-11,WDC,2015-03-20,7,0.011342095
2015-03-26,BIIB,2015-04-09,9,-0.008480085
2015-03-27,NVAX,2015-04-09,8,0.062802
2015-03-26,AAL,2015-04-17,15,-0.05764843
2015-04-20,CHKP,2015-04-21,1,0.053216863
2015-04-20,VRTX,2015-04-22,2,0.047676016
2015-05-01,VTRS,2015-05-04,1,0.019351767
2015-05-01,IONS,2015-05-08,5,0.053545523
2015-06-10,CSIQ,2015-06-11,1,0.037510563
2015-06-10,MNKD,2015-06-11,1,-0.14322223
2015-06-09,AVGO,2015-06-16,5,0.025988149
2015-06-09,EBAY,2015-06-22,9,0.013160991
2015-06-29,AMBA,2015-07-07,5,0.05161004
2015-06-30,BIIB,2015-07-08,5,0.002593087
2015-06-29,IONS,2015-07-15,11,-0.0077825915
2015-06-30,GILD,2015-07-15,10,0.014090942
2015-07-09,AMBA,2015-07-15,4,0.09391253
2015-07-09,TSLA,2015-07-17,6,0.050798822
2015-07-27,GOOG,2015-07-28,1,0.018050002
2015-07-27,GILD,2015-07-31,4,0.05529051
2015-07-28,TSLA,2015-08-05,6,0.029615926
2015-07-28,SWKS,2015-08-18,15,-0.040705096
2015-08-21,AMZN,2015-08-28,5,0.018985795
2015-08-24,NFLX,2015-08-28,4,0.30998594
2015-08-24,GOOGL,2015-08-28,4,0.10749166
2015-08-21,META,2015-08-31,6,0.034191895
2015-09-28,INCY,2015-10-02,4,0.08881526
2015-09-29,META,2015-10-05,4,0.042097617
2015-09-29,AMZN,2015-10-05,4,0.060245086
2015-09-28,REGN,2015-10-08,8,-0.017761303
2015-11-10,NFLX,2015-11-11,1,0.037765432
2015-11-11,TMUS,2015-11-16,3,0.021465944
2015-11-16,META,2015-11-19,3,0.03810184
2015-11-11,FSLR,2015-11-23,8,-0.031346332
2015-11-12,DOX,2015-11-23,7,0.034551192
2015-11-10,BKNG,2015-12-02,15,-0.012765957
2015-12-14,AMZN,2015-12-17,3,0.05860262
2015-12-14,META,2015-12-17,3,0.04983573
2016-01-05,NFLX,2016-01-07,2,0.052508283
2016-01-05,AMZN,2016-01-25,13,-0.076549545
2016-01-07,FSLR,2016-01-25,11,-0.016966892
2016-01-06,AVGO,2016-01-26,13,-0.07211538
2016-01-06,VRSN,2016-01-29,16,-0.044029545
2016-02-09,MPWR,2016-02-17,5,0.042820502
2016-02-08,META,2016-02-18,7,0.052679826
2016-02-08,GOOGL,2016-02-18,7,0.06629901
2016-02-09,XRAY,2016-02-23,9,-0.0059380066
2016-03-09,WYNN,2016-03-11,2,0.025037812
2016-03-09,AMAT,2016-03-11,2,0.035296608
2016-04-26,APA,2016-04-27,1,0.027056145
2016-04-26,WYNN,2016-05-03,5,0.021542238
2016-04-27,TMUS,2016-05-03,4,0.008632468
2016-04-25,GOOGL,2016-05-09,10,-0.012763334
2016-04-25,GOOG,2016-05-09,10,-0.006725205
2016-06-14,ACAD,2016-06-15,1,0.03758352
2016-06-15,SWBI,2016-06-20,3,0.09310679
2016-06-13,APA,2016-06-21,6,0.03275447
2016-06-13,NTES,2016-06-23,8,0.052415777
2016-06-14,NBIX,2016-06-30,12,-0.02698238
2016-06-28,AVGO,2016-06-30,2,0.05557804
2016-06-28,AMAT,2016-06-30,2,0.041197468
2016-09-12,AMZN,2016-09-19,5,0.028867291
2016-09-12,BIIB,2016-09-21,7,0.049520064
2016-10-31,AMZN,2016-11-09,7,-0.022804452
2016-10-31,LITE,2016-11-09,7,-0.055304598
2016-11-01,SRPT,2016-11-10,7,0.11518471
2016-11-01,NTES,2016-11-23,16,-0.10508092
2016-12-02,QCOM,2016-12-07,3,0.05216675
2016-12-02,MU,2016-12-08,4,0.12305181
2017-01-03,NTES,2017-01-06,3,0.04476564
2017-03-22,TSLA,2017-03-23,1,0.014224933
2017-03-22,AMD,2017-03-23,1,0.017978119
2017-04-13,TSLA,2017-04-17,1,0.019222425
2017-04-12,AAOI,2017-04-21,6,0.08986585
2017-04-12,ON,2017-04-21,6,-0.005807711
2017-04-13,AVGO,2017-04-21,5,0.038243223
2017-04-17,AMD,2017-04-21,4,0.04289465
2017-06-12,AMZN,2017-06-20,6,0.031058
2017-06-13,EQIX,2017-06-21,6,0.013873624
2017-06-13,NFLX,2017-06-22,7,0.003858136
2017-06-12,AAPL,2017-06-23,9,-0.005185498
2017-06-28,AMD,2017-06-29,1,-0.04422338
2017-06-28,TSLA,2017-07-19,14,-0.10585983
2017-08-01,TSLA,2017-08-04,3,0.07330339
2017-08-11,AAPL,2017-08-14,1,0.016369151
2017-08-01,AMZN,2017-08-16,11,-0.015516473
2017-08-11,NFLX,2017-08-24,9,-0.001
2017-09-25,SRPT,2017-09-28,3,0.0128858555
2017-09-22,IONS,2017-10-04,8,0.02131276
2017-09-25,TSLA,2017-10-05,8,0.0070702303
2017-09-22,JD,2017-10-11,13,-0.050670456
2017-10-27,JOYY,2017-11-06,6,0.034425307
2017-10-27,AAL,2017-11-16,14,-0.022618009
2017-11-16,XNET,2017-11-17,1,0.31592578
2017-11-16,ALNY,2017-11-22,4,0.03314357
2017-12-27,ONC,2017-12-29,2,0.01795237
2017-12-27,MU,2018-01-03,4,0.053002764
2018-01-02,MARA,2018-01-16,9,-0.035146307
2018-02-05,AAPL,2018-02-13,6,0.021063613
2018-02-06,NVDA,2018-02-14,6,0.12913732
2018-02-05,GOOGL,2018-02-16,9,-0.007569028
2018-02-06,META,2018-02-16,8,0.0013519992
2018-03-20,NVDA,2018-03-21,1,0.033008147
2018-03-23,NFLX,2018-03-27,2,0.0480551
2018-03-20,META,2018-04-06,12,-0.059159767
2018-03-26,AMZN,2018-04-11,11,-0.060189556
2018-03-23,MU,2018-04-13,14,-0.075363055
2018-04-25,AMZN,2018-04-27,2,0.119720146
2018-04-25,NFLX,2018-05-07,8,0.049984146
2018-06-26,NFLX,2018-06-27,1,0.03531008
2018-06-26,AMZN,2018-07-03,5,0.029848384
2018-07-31,NVDA,2018-08-03,3,0.031415153
2018-07-31,NFLX,2018-08-07,5,0.06451838
2018-09-06,ADBE,2018-09-11,3,0.031496454
2018-09-06,NFLX,2018-09-13,5,0.06942944
2018-09-07,URBN,2018-09-28,15,-0.04718573
2018-09-07,NTNX,2018-10-05,20,-0.1677977
2018-10-05,NFLX,2018-10-17,8,0.050588537
2018-10-05,PYPL,2018-10-17,8,-0.036862623
2018-10-08,COST,2018-10-17,7,0.04053371
2018-10-25,AAPL,2018-10-26,1,-0.009313716
2018-10-25,MSFT,2018-11-01,5,0.0036925543
2018-10-08,NVDA,2018-11-02,19,-0.1840017
2018-11-15,SRPT,2018-11-26,6,0.08888154
2018-11-21,CMCSA,2018-11-28,4,0.04068916
2018-11-15,ERIC,2018-11-29,9,-0.009254886
2018-11-21,COST,2018-11-29,5,0.037266303
2018-12-18,TSLA,2018-12-31,8,-0.03737248
2018-12-18,AMD,2019-01-02,9,-0.060530018
2018-12-20,ILMN,2019-01-02,7,-0.02778156
2018-12-20,CRON,2019-01-03,8,0.008821534
2019-03-08,TCOM,2019-03-11,1,0.060510565
2019-03-11,OKTA,2019-03-15,4,0.046111155
2019-03-11,LULU,2019-03-22,9,0.01809089
2019-03-08,REGN,2019-03-27,13,-0.0069874655
2019-05-10,PPLI,2019-05-16,4,-0.0095935
2019-05-10,TTD,2019-05-21,7,0.04632728
2019-05-03,WBD,2019-05-22,13,-0.052273344
2019-05-29,ROKU,2019-05-30,1,0.018319892
2019-05-30,AMD,2019-05-31,1,-0.03022535
2019-05-30,SHOP,2019-05-31,1,-0.007324947
2019-05-03,NXST,2019-06-03,20,-0.10400076
2019-05-29,IDXX,2019-06-05,5,0.030937837
2019-06-04,MSFT,2019-06-06,2,0.041546155
2019-06-04,META,2019-06-11,5,0.08922045
2019-08-02,NXPI,2019-08-08,4,0.02963476
2019-08-01,AMD,2019-08-09,6,0.09572129
2019-08-01,MU,2019-08-14,9,-0.048110794
2019-08-02,JD,2019-08-14,8,0.052938987
2019-08-26,AAPL,2019-08-30,4,0.019887852
2019-08-26,MSFT,2019-08-30,4,0.029816912
2019-09-25,ROKU,2019-10-04,7,0.038363386
2019-09-25,AMD,2019-10-14,13,0.00680189
2019-12-04,DPZ,2019-12-12,6,0.03334861
2019-12-04,UAL,2019-12-17,9,-0.0076173674
2020-01-28,INTC,2020-01-29,1,0.015992211
2020-01-28,NVDA,2020-02-05,6,0.0366364
2020-02-25,AAPL,2020-03-05,7,-0.01904328
2020-02-26,AMD,2020-03-05,6,0.019545006
2020-02-26,NVDA,2020-03-05,6,0.054733086
2020-02-25,TSLA,2020-03-24,20,-0.43880916
2020-03-10,MSFT,2020-03-25,11,-0.05948491
2020-03-10,AAPL,2020-03-27,13,-0.08900626
2020-08-12,TSLA,2020-08-13,1,0.094918415
2020-08-12,AMD,2020-08-13,1,0.055738498
2020-09-09,TSLA,2020-09-15,4,0.22322886
2020-09-09,AAPL,2020-09-28,13,-0.020188166
2020-10-20,PENN,2020-11-05,12,-0.032660197
2020-10-20,LULU,2020-11-05,12,0.019546317
2020-10-27,NVDA,2020-11-05,7,0.063369796
2020-10-27,PTON,2020-11-05,7,0.020394133
2021-02-22,KHC,2021-02-23,1,7.097621e-05
2021-02-23,TSLA,2021-03-10,11,0.05664723
2021-02-22,APPN,2021-03-12,14,-0.16421606
2021-02-23,NVDA,2021-03-12,13,-0.102073565
2021-02-24,PYPL,2021-03-12,12,-0.063437775
2021-05-06,ROKU,2021-05-17,7,0.04903691
2021-05-06,MRNA,2021-05-18,8,0.08116214
2021-05-05,AAPL,2021-05-21,12,-0.0100006
2021-05-05,NVDA,2021-05-21,12,0.029916214
2021-07-20,AAL,2021-07-21,1,0.09033863
2021-07-20,HON,2021-07-21,1,0.033109475
2021-07-19,AMAT,2021-07-22,3,0.093336746
2021-07-19,NVDA,2021-07-23,4,0.09616618
2021-08-19,AMD,2021-08-24,3,0.058330227
2021-08-19,NVAX,2021-08-24,3,0.100976035
2021-09-14,MRNA,2021-09-15,1,0.01852207
2021-09-14,BNTX,2021-09-16,2,0.07325582
2021-09-21,TSLA,2021-09-23,2,0.026504563
2021-09-13,NVAX,2021-09-24,9,0.038932014
2021-09-13,AAPL,2021-09-27,10,-0.035256397
2021-09-15,CHTR,2021-10-05,14,-0.029260052
2021-09-29,MSFT,2021-10-07,6,0.034356046
2021-09-30,AMAT,2021-10-14,10,0.016313242
2021-09-29,MRNA,2021-10-15,12,-0.13375343
2021-11-11,NVDA,2021-11-12,1,-0.016032172
2021-11-11,AMD,2021-11-12,1,0.02047448
2021-11-29,TSLA,2021-11-30,1,0.038400937
2021-11-29,NVDA,2021-11-30,1,0.023809718
2022-01-07,WDC,2022-01-10,1,0.009825872
2022-01-06,TSLA,2022-01-13,5,0.028777169
2022-01-06,NVDA,2022-02-01,17,-0.0927511
2022-01-07,TTD,2022-02-01,16,-0.097666696
2022-01-20,TSLA,2022-02-01,8,-0.07480188
2022-01-10,AMD,2022-02-02,16,0.005275177
2022-02-24,MU,2022-03-03,5,0.08802895
2022-02-24,DDOG,2022-03-03,5,0.109121725
2022-03-08,AVGO,2022-03-10,2,0.022402095
2022-02-23,ABNB,2022-03-11,12,-0.072114244
2022-02-23,BKNG,2022-03-16,15,-0.15849794
2022-03-08,PANW,2022-03-17,7,0.038868237
2022-04-13,HYMC,2022-04-14,1,0.1005228
2022-04-13,SNY,2022-04-14,1,-0.016062928
2022-04-12,TSLA,2022-04-20,5,0.03143661
2022-04-12,ENPH,2022-05-03,14,-0.12537505
2022-05-10,VRTX,2022-05-17,5,0.06678526
2022-04-25,COST,2022-05-23,20,-0.26336056
2022-04-25,PANW,2022-05-23,20,-0.15612663
2022-05-10,MAR,2022-05-26,12,-0.045120787
2022-06-14,VRTX,2022-06-21,4,0.07974534
2022-06-14,TMUS,2022-06-22,5,0.040157128
2022-06-13,ULTA,2022-06-27,9,0.030356811
2022-06-13,ON,2022-06-28,10,-0.06128062
2022-08-23,ON,2022-08-24,1,0.02474873
2022-08-22,ENPH,2022-08-25,3,0.07126956
2022-08-23,RUN,2022-08-26,3,0.11966221
2022-08-24,LI,2022-08-26,2,0.105323836
2022-08-31,APA,2022-09-01,1,0.005287694
2022-08-22,SEDG,2022-09-08,12,0.043311764
2022-08-31,FANG,2022-09-12,7,0.056145
2022-09-01,ENVX,2022-09-12,6,-0.019561483
2022-09-01,FWONK,2022-09-12,6,0.038538147
2022-09-22,PDD,2022-10-04,8,0.024111317
2022-09-23,ON,2022-10-04,7,0.05279045
2022-09-22,CELH,2022-10-05,9,-0.03249855
2022-09-23,ENPH,2022-10-05,8,0.019463705
2022-10-12,CELH,2022-10-13,1,-0.017290724
2022-10-13,TMUS,2022-10-19,4,0.03890543
2022-10-11,ON,2022-10-21,8,0.010198997
2022-10-11,PDD,2022-10-24,9,-0.15759481
2022-10-12,PCTY,2022-10-26,10,-0.030889107
2022-11-03,ENPH,2022-11-04,1,0.057903457
2022-11-04,EXE,2022-11-07,1,0.011401342
2022-11-03,NFLX,2022-11-11,6,0.01087098
2022-11-04,SRPT,2022-11-15,7,0.04651921
2022-12-07,ENPH,2022-12-09,2,0.01607518
2022-12-08,JD,2022-12-09,1,-0.010020925
2022-12-08,UAL,2022-12-13,3,0.024236606
2022-12-07,FSLR,2022-12-15,6,0.011714863
2022-12-19,MRNA,2022-12-20,1,-0.056000005
2022-12-19,ENPH,2022-12-22,3,0.0136377085
2022-12-20,BILI,2022-12-22,2,0.14503483
2022-12-29,PDD,2023-01-04,3,0.0927078
2022-12-29,JD,2023-01-04,3,0.097681925
2022-12-20,VRTX,2023-01-09,12,-0.00686015
2022-12-21,FUTU,2023-01-12,14,-0.20034637
2023-02-22,NVDA,2023-02-24,2,0.12060122
2023-02-23,CEG,2023-03-06,7,0.00720446
2023-02-23,CSGP,2023-03-06,7,-0.0032112133
2023-03-13,SHOP,2023-03-15,2,0.051073123
2023-03-13,ON,2023-03-15,2,0.030286716
2023-02-22,NFLX,2023-03-17,17,-0.08230372
2023-04-13,COIN,2023-04-14,1,-0.009441806
2023-04-13,WBD,2023-05-01,12,-0.03856201
2023-04-26,AMD,2023-05-01,3,0.05124824
2023-04-21,ON,2023-05-02,7,0.071702644
2023-04-21,CSCO,2023-05-11,14,0.0045830477
2023-08-03,AMD,2023-08-04,1,0.04975729
2023-08-04,ROKU,2023-08-07,1,-0.020076586
2023-08-03,NVDA,2023-08-16,9,0.015438246
2023-08-07,AAPL,2023-08-23,12,-0.019497408
2023-08-04,QCOM,2023-08-29,17,-0.06248082
2023-08-18,META,2023-08-29,7,0.033225704
2023-08-07,RIVN,2023-08-30,17,-0.14113237
2023-09-08,PDD,2023-09-11,1,0.017383145
2023-09-08,AMAT,2023-09-29,15,-0.05177177
2023-09-21,GOOGL,2023-10-03,8,0.01802008
2023-09-21,GOOG,2023-10-03,8,0.01818602
2023-09-22,AMZN,2023-10-09,11,-0.03829695
2023-10-20,SMCI,2023-11-02,9,-0.015922023
2023-10-23,PANW,2023-11-02,8,0.025325583
2023-10-20,TSLA,2023-11-03,10,0.01807742
2023-10-23,PLTR,2023-11-03,9,0.13233344
2024-01-03,AMD,2024-01-09,4,0.07445495
2024-01-03,AAPL,2024-01-16,8,-0.012182368
2024-01-04,AFRM,2024-01-23,12,0.04130857
2024-01-04,TSLA,2024-02-02,20,-0.22758313
2024-02-22,SMCI,2024-02-23,1,0.08359055
2024-02-22,COIN,2024-02-23,1,0.014347242
2024-04-05,NVDA,2024-04-12,5,0.0316134
2024-04-05,AMD,2024-04-29,16,-0.054658543
2024-04-18,NVDA,2024-04-29,7,0.029893326
2024-04-18,MSTR,2024-04-29,7,0.047657777
2024-04-19,SMCI,2024-04-29,6,-0.037739348
2024-06-25,AVGO,2024-07-03,6,0.042665172
2024-06-25,NVDA,2024-07-05,7,0.049989987
2024-07-19,COIN,2024-07-22,1,0.106911466
2024-07-18,TSLA,2024-07-23,3,0.008996414
2024-07-18,NVDA,2024-08-01,10,-0.036453437
2024-07-22,AMAT,2024-08-01,8,-0.056958806
2024-07-19,CRWD,2024-08-09,15,-0.17868502
2024-08-06,AAPL,2024-08-12,4,0.052678157
2024-08-06,NVDA,2024-08-13,5,0.08181982
2024-07-25,TSLA,2024-08-14,14,-0.0444041
2024-09-09,TSLA,2024-09-10,1,0.01690011
2024-09-09,NVDA,2024-09-12,3,0.113130376
2024-11-01,NVDA,2024-11-06,3,0.060321618
2024-11-01,META,2024-11-08,5,0.04115944
2024-11-18,NVDA,2024-11-20,2,0.055702377
2024-11-18,AMZN,2024-11-27,7,0.012862371
2025-01-02,APP,2025-01-03,1,0.03044443
2024-12-20,MSTR,2025-01-06,9,0.09443788
2024-12-20,MARA,2025-01-06,9,0.0050362814
2025-01-02,TSLA,2025-01-16,9,0.08459334
2025-01-03,SOFI,2025-01-16,8,0.09690206
2025-01-14,PLTR,2025-01-21,4,0.08920543
2025-01-14,RGTI,2025-01-22,5,1.1405524
2025-01-28,PLTR,2025-01-29,1,0.05737965
2025-01-28,AVGO,2025-02-05,6,0.12365739
2025-02-24,NVDA,2025-03-13,13,-0.14393522
2025-02-25,PLTR,2025-03-13,12,-0.0871004
2025-02-25,AVGO,2025-03-13,12,-0.06790818
2025-02-24,TSLA,2025-03-24,20,-0.23776592
2025-04-01,ZS,2025-04-03,2,0.013100075
2025-03-31,META,2025-04-10,8,0.020277785
2025-03-31,PLTR,2025-04-10,8,0.10400002
2025-04-01,MELI,2025-04-10,7,0.0011833181
2025-04-04,MSTR,2025-04-10,4,-0.009841455
2025-04-22,PLTR,2025-04-23,1,0.06183939
2025-04-22,COST,2025-04-23,1,0.024542736
2025-05-27,COIN,2025-05-28,1,-0.013341023
2025-05-22,PLTR,2025-06-02,6,0.07677774
2025-05-27,MELI,2025-06-03,5,0.03255694
2025-05-22,MSTR,2025-06-04,8,-0.06731178
2025-08-04,META,2025-08-05,1,0.02064483
2025-08-04,AMZN,2025-08-14,8,0.044998217
2025-08-21,INTC,2025-08-22,1,0.0040997732
2025-08-20,NVDA,2025-08-26,4,0.026915597
2025-08-20,AMD,2025-08-29,7,0.015514301
2025-08-21,MU,2025-08-29,6,0.046863127
2025-08-22,WMT,2025-09-03,7,-0.0032433402
2025-10-13,NVDA,2025-10-14,1,-0.01802398
2025-10-13,TSLA,2025-10-16,3,0.025444435
2025-11-18,APP,2025-11-25,5,0.039807726
2025-11-19,AMZN,2025-11-26,5,0.030286359
2025-11-18,HOOD,2025-11-28,7,0.12335245
2025-11-19,AMD,2025-12-02,8,-0.037784528
2025-12-15,NVDA,2025-12-22,5,0.03260689
2025-12-15,AMD,2025-12-22,5,0.03536706
2025-12-16,AVGO,2025-12-26,7,0.045758296
2025-12-16,HOOD,2025-12-26,7,0.03340595
2026-01-02,AAOI,2026-01-05,1,0.12859134
2026-01-02,MRNA,2026-01-06,2,0.0844845
2026-01-05,PLTR,2026-01-13,6,0.021844195
2026-01-05,APP,2026-01-13,6,0.059563328
2026-01-21,TSLA,2026-01-23,2,0.060115624
2026-01-21,NVDA,2026-01-23,2,0.04619353
2026-02-05,NVDA,2026-02-09,2,0.05233567
2026-02-06,WDC,2026-02-09,1,0.033382107
2026-02-05,TSLA,2026-02-11,4,0.07693057
2026-02-06,AMD,2026-02-25,12,0.08873777
2026-03-13,MU,2026-03-16,1,0.0773323
2026-03-16,FTAI,2026-03-24,6,0.04397564
2026-03-16,AAOI,2026-03-25,7,0.10019998
2026-03-13,TSLA,2026-04-02,14,-0.08860679
2026-03-30,NBIS,2026-04-06,4,0.061793495
2026-03-30,RKLB,2026-04-06,4,0.10119693
2026-03-23,MU,2026-04-07,10,-0.122700885
2026-06-08,MU,2026-06-12,4,0.034746695
2026-06-08,NVDA,2026-06-16,6,0.003757881
2026-07-20,SNDK,2026-07-24,4,0.10006969
2026-07-20,AMAT,2026-08-04,11,-0.002796067
2026-07-28,NVDA,2026-08-04,5,0.08258979
2026-07-27,MU,2026-08-05,7,-0.051565718
2026-07-27,SNDK,2026-08-05,7,-0.044896375
2026-08-19,MU,2026-08-20,1,-0.026381506
2026-08-19,SNDK,2026-08-20,1,-0.06840648
2026-08-20,SNDK,2026-08-21,1,0.021820353
2026-08-21,MRNA,2026-08-24,1,0.07104568
2026-08-21,CRWD,2026-08-28,5,0.19429688
2026-08-20,AMD,2026-09-08,12,0.04892807
2026-09-11,MU,2026-09-14,1,-0.08804192
2026-09-11,SNDK,2026-09-14,1,-0.11303677
